Image,Label
BRACS_1640_PB_1,PB
BRACS_734_N_95,N
BRACS_283_N_21,N
BRACS_1510_FEA_15,FEA
BRACS_265_N_4,N
BRACS_295_IC_1,IC
BRACS_1238_PB_41,PB
BRACS_1953_FEA_12,FEA
BRACS_1916_N_6,N
BRACS_1318_PB_5,PB
BRACS_1950_ADH_4,ADH
BRACS_1272_UDH_7,UDH
BRACS_734_ADH_68,ADH
BRACS_1494_ADH_43,ADH
BRACS_1619_PB_1,PB
BRACS_1497_UDH_12,UDH
BRACS_1272_IC_26,IC
BRACS_1791_UDH_1,UDH
BRACS_734_ADH_72,ADH
BRACS_1605_PB_10,PB
BRACS_1491_DCIS_17,DCIS
BRACS_773_IC_43,IC
BRACS_748_DCIS_47,DCIS
BRACS_1877_FEA_1,FEA
BRACS_1871_FEA_3,FEA
BRACS_1634_N_4,N
BRACS_1494_UDH_15,UDH
BRACS_1941_FEA_14,FEA
BRACS_1857_FEA_3,FEA
BRACS_1605_PB_13,PB
BRACS_1635_IC_13,IC
BRACS_761_PB_5,PB
BRACS_1240_PB_3,PB
BRACS_1810_ADH_44,ADH
BRACS_756_IC_2,IC
BRACS_297_N_26,N
BRACS_760_N_12,N
BRACS_1640_PB_7,PB
BRACS_1808_FEA_49,FEA
BRACS_1635_IC_1,IC
BRACS_1635_IC_12,IC
BRACS_747_ADH_33,ADH
BRACS_295_DCIS_17,DCIS
BRACS_1497_UDH_5,UDH
BRACS_264_N_11,N
BRACS_1771_FEA_96,FEA
BRACS_1943_FEA_7,FEA
BRACS_773_IC_93,IC
BRACS_1877_ADH_3,ADH
BRACS_1869_PB_1,PB
BRACS_1838_FEA_3,FEA
BRACS_1779_PB_13,PB
BRACS_1811_ADH_14,ADH
BRACS_1503_UDH_12,UDH
BRACS_1811_ADH_19,ADH
BRACS_1808_ADH_72,ADH
BRACS_1810_FEA_39,FEA
BRACS_1496_FEA_13,FEA
BRACS_1771_FEA_23,FEA
BRACS_1409_UDH_12,UDH
BRACS_1865_N_6,N
BRACS_1771_FEA_67,FEA
BRACS_292_DCIS_19,DCIS
BRACS_1322_PB_2,PB
BRACS_1231_N_27,N
BRACS_1933_UDH_9,UDH
BRACS_298_IC_1,IC
BRACS_773_IC_13,IC
BRACS_1320_PB_16,PB
BRACS_1941_FEA_2,FEA
BRACS_1787_UDH_3,UDH
BRACS_288_ADH_5,ADH
BRACS_1592_UDH_1,UDH
BRACS_1497_UDH_7,UDH
BRACS_1863_FEA_7,FEA
BRACS_1946_PB_4,PB
BRACS_286_DCIS_7,DCIS
BRACS_1808_FEA_92,FEA
BRACS_1509_DCIS_8,DCIS
BRACS_1877_FEA_15,FEA
BRACS_754_DCIS_9,DCIS
BRACS_1795_FEA_62,FEA
BRACS_1879_PB_4,PB
BRACS_1319_PB_15,PB
BRACS_773_IC_15,IC
BRACS_1810_FEA_2,FEA
BRACS_1265_IC_6,IC
BRACS_748_DCIS_72,DCIS
BRACS_752_DCIS_24,DCIS
BRACS_1324_PB_8,PB
BRACS_297_IC_14,IC
BRACS_1904_N_5,N
BRACS_1880_N_1,N
BRACS_1231_PB_5,PB
BRACS_1774_FEA_5,FEA
BRACS_1779_PB_2,PB
BRACS_1782_UDH_6,UDH
BRACS_760_N_16,N
BRACS_1608_N_2,N
BRACS_1916_PB_2,PB
BRACS_1791_PB_3,PB
BRACS_1808_FEA_33,FEA
BRACS_1780_UDH_7,UDH
BRACS_1478_ADH_27,ADH
BRACS_1945_N_13,N
BRACS_283_N_44,N
BRACS_1780_UDH_6,UDH
BRACS_734_ADH_70,ADH
BRACS_1272_UDH_16,UDH
BRACS_1238_PB_33,PB
BRACS_1478_ADH_2,ADH
BRACS_734_N_6,N
BRACS_1491_DCIS_15,DCIS
BRACS_1496_UDH_46,UDH
BRACS_311_DCIS_62,DCIS
BRACS_1771_FEA_41,FEA
BRACS_1606_PB_14,PB
BRACS_748_DCIS_53,DCIS
BRACS_1943_FEA_3,FEA
BRACS_297_IC_27,IC
BRACS_1808_ADH_57,ADH
BRACS_752_DCIS_43,DCIS
BRACS_1810_FEA_58,FEA
BRACS_301_IC_2,IC
BRACS_1272_PB_3,PB
BRACS_1247_DCIS_15,DCIS
BRACS_1771_FEA_62,FEA
BRACS_1771_FEA_66,FEA
BRACS_752_DCIS_41,DCIS
BRACS_1771_FEA_12,FEA
BRACS_1612_PB_2,PB
BRACS_311_FEA_76,FEA
BRACS_1771_FEA_84,FEA
BRACS_748_DCIS_40,DCIS
BRACS_295_DCIS_47,DCIS
BRACS_1944_UDH_3,UDH
BRACS_734_FEA_102,FEA
BRACS_1771_FEA_61,FEA
BRACS_1494_ADH_8,ADH
BRACS_1943_FEA_20,FEA
BRACS_1491_DCIS_29,DCIS
BRACS_773_IC_102,IC
BRACS_1877_FEA_7,FEA
BRACS_1810_FEA_17,FEA
BRACS_1494_UDH_38,UDH
BRACS_773_IC_63,IC
BRACS_750_ADH_20,ADH
BRACS_1238_ADH_1,ADH
BRACS_1238_UDH_34,UDH
BRACS_300_N_13,N
BRACS_1791_PB_6,PB
BRACS_756_IC_1,IC
BRACS_1231_PB_22,PB
BRACS_1864_FEA_15,FEA
BRACS_1945_N_3,N
BRACS_1320_PB_10,PB
BRACS_1943_FEA_17,FEA
BRACS_1231_PB_41,PB
BRACS_1787_PB_4,PB
BRACS_1235_PB_17,PB
BRACS_1320_PB_19,PB
BRACS_1231_PB_16,PB
BRACS_1779_PB_10,PB
BRACS_1810_FEA_52,FEA
BRACS_281_IC_19,IC
BRACS_281_PB_24,PB
BRACS_1774_FEA_6,FEA
BRACS_265_N_10,N
BRACS_1771_FEA_40,FEA
BRACS_1774_FEA_2,FEA
BRACS_745_PB_5,PB
BRACS_1496_UDH_28,UDH
BRACS_1494_UDH_37,UDH
BRACS_286_DCIS_6,DCIS
BRACS_1873_UDH_2,UDH
BRACS_753_DCIS_13,DCIS
BRACS_1810_ADH_37,ADH
BRACS_1247_DCIS_35,DCIS
BRACS_734_ADH_57,ADH
BRACS_1808_FEA_83,FEA
BRACS_752_DCIS_9,DCIS
BRACS_1591_N_1,N
BRACS_754_IC_38,IC
BRACS_1795_FEA_3,FEA
BRACS_1265_IC_1,IC
BRACS_1810_ADH_31,ADH
BRACS_1512_DCIS_9,DCIS
BRACS_1231_PB_24,PB
BRACS_1610_PB_4,PB
BRACS_1808_FEA_89,FEA
BRACS_1247_DCIS_34,DCIS
BRACS_1272_ADH_15,ADH
BRACS_1950_ADH_31,ADH
BRACS_1239_PB_2,PB
BRACS_1646_IC_6,IC
BRACS_1593_N_3,N
BRACS_1494_N_21,N
BRACS_1780_PB_9,PB
BRACS_1808_FEA_90,FEA
BRACS_1619_PB_4,PB
BRACS_754_DCIS_15,DCIS
BRACS_1494_UDH_51,UDH
BRACS_1235_PB_30,PB
BRACS_1943_FEA_6,FEA
BRACS_1409_UDH_8,UDH
BRACS_1238_PB_18,PB
BRACS_756_IC_7,IC
BRACS_1238_PB_51,PB
BRACS_734_N_67,N
BRACS_1930_DCIS_5,DCIS
BRACS_753_DCIS_9,DCIS
BRACS_1487_ADH_8,ADH
BRACS_295_DCIS_10,DCIS
BRACS_288_N_12,N
BRACS_745_PB_16,PB
BRACS_300_N_11,N
BRACS_297_N_10,N
BRACS_748_DCIS_32,DCIS
BRACS_1238_UDH_19,UDH
BRACS_1950_FEA_28,FEA
BRACS_748_IC_67,IC
BRACS_773_IC_66,IC
BRACS_1771_FEA_97,FEA
BRACS_1811_UDH_11,UDH
BRACS_1773_FEA_12,FEA
BRACS_1950_FEA_16,FEA
BRACS_773_IC_82,IC
BRACS_750_ADH_24,ADH
BRACS_1808_FEA_28,FEA
BRACS_1635_IC_6,IC
BRACS_1605_PB_17,PB
BRACS_1771_FEA_78,FEA
BRACS_1509_FEA_21,FEA
BRACS_1771_FEA_25,FEA
BRACS_749_IC_8,IC
BRACS_1320_PB_14,PB
BRACS_736_N_8,N
BRACS_281_N_13,N
BRACS_748_DCIS_73,DCIS
BRACS_1890_PB_11,PB
BRACS_286_DCIS_22,DCIS
BRACS_1235_N_31,N
BRACS_1478_ADH_12,ADH
BRACS_1272_ADH_40,ADH
BRACS_1247_DCIS_46,DCIS
BRACS_1938_UDH_2,UDH
BRACS_1795_FEA_6,FEA
BRACS_1235_UDH_15,UDH
BRACS_748_DCIS_9,DCIS
BRACS_295_IC_12,IC
BRACS_311_FEA_22,FEA
BRACS_1238_PB_32,PB
BRACS_755_ADH_20,ADH
BRACS_1646_IC_13,IC
BRACS_1497_UDH_10,UDH
BRACS_773_IC_30,IC
BRACS_1487_ADH_13,ADH
BRACS_298_N_4,N
BRACS_1487_FEA_22,FEA
BRACS_1590_DCIS_1,DCIS
BRACS_311_N_50,N
BRACS_1902_PB_9,PB
BRACS_1810_FEA_8,FEA
BRACS_1478_DCIS_4,DCIS
BRACS_1771_FEA_14,FEA
BRACS_1646_IC_8,IC
BRACS_1795_UDH_19,UDH
BRACS_1779_PB_8,PB
BRACS_1865_FEA_1,FEA
BRACS_1902_PB_3,PB
BRACS_1610_PB_3,PB
BRACS_1322_PB_3,PB
BRACS_748_DCIS_48,DCIS
BRACS_747_ADH_13,ADH
BRACS_286_DCIS_10,DCIS
BRACS_1808_FEA_79,FEA
BRACS_1789_UDH_5,UDH
BRACS_297_IC_1,IC
BRACS_1637_ADH_10,ADH
BRACS_283_N_28,N
BRACS_1487_UDH_30,UDH
BRACS_755_ADH_23,ADH
BRACS_1808_FEA_94,FEA
BRACS_1810_FEA_45,FEA
BRACS_1238_PB_40,PB
BRACS_1810_FEA_63,FEA
BRACS_752_DCIS_26,DCIS
BRACS_747_FEA_24,FEA
BRACS_773_DCIS_100,DCIS
BRACS_1780_PB_4,PB
BRACS_292_DCIS_9,DCIS
BRACS_1496_ADH_43,ADH
BRACS_1494_UDH_33,UDH
BRACS_283_IC_14,IC
BRACS_747_FEA_4,FEA
BRACS_734_ADH_2,ADH
BRACS_1496_UDH_17,UDH
BRACS_1320_PB_9,PB
BRACS_1596_UDH_1,UDH
BRACS_1647_IC_11,IC
BRACS_1945_N_21,N
BRACS_1637_ADH_7,ADH
BRACS_734_ADH_28,ADH
BRACS_752_DCIS_2,DCIS
BRACS_752_DCIS_3,DCIS
BRACS_1247_DCIS_50,DCIS
BRACS_1603_PB_6,PB
BRACS_1773_FEA_8,FEA
BRACS_1491_DCIS_27,DCIS
BRACS_1773_FEA_15,FEA
BRACS_1795_FEA_7,FEA
BRACS_1795_FEA_45,FEA
BRACS_1491_DCIS_3,DCIS
BRACS_1857_FEA_1,FEA
BRACS_1606_PB_3,PB
BRACS_1953_UDH_7,UDH
BRACS_1239_PB_7,PB
BRACS_286_DCIS_5,DCIS
BRACS_1231_PB_40,PB
BRACS_1771_FEA_15,FEA
BRACS_1944_FEA_4,FEA
BRACS_1952_UDH_2,UDH
BRACS_1941_FEA_1,FEA
BRACS_743_PB_23,PB
BRACS_753_ADH_1,ADH
BRACS_773_DCIS_76,DCIS
BRACS_1491_DCIS_1,DCIS
BRACS_1918_UDH_8,UDH
BRACS_1494_PB_22,PB
BRACS_1511_N_3,N
BRACS_1810_FEA_3,FEA
BRACS_1791_UDH_8,UDH
BRACS_1865_FEA_5,FEA
BRACS_1811_FEA_13,FEA
BRACS_753_IC_44,IC
BRACS_1877_FEA_4,FEA
BRACS_1877_FEA_8,FEA
BRACS_1941_FEA_13,FEA
BRACS_311_N_51,N
BRACS_1896_UDH_1,UDH
BRACS_1240_PB_8,PB
BRACS_1496_UDH_7,UDH
BRACS_286_DCIS_37,DCIS
BRACS_1235_PB_4,PB
BRACS_734_N_14,N
BRACS_773_IC_83,IC
BRACS_1494_ADH_13,ADH
BRACS_1494_PB_25,PB
BRACS_750_DCIS_22,DCIS
BRACS_286_N_27,N
BRACS_1911_ADH_3,ADH
BRACS_1810_ADH_36,ADH
BRACS_747_ADH_62,ADH
BRACS_1926_PB_1,PB
BRACS_1231_PB_6,PB
BRACS_311_FEA_78,FEA
BRACS_755_ADH_13,ADH
BRACS_264_N_10,N
BRACS_752_IC_37,IC
BRACS_1811_ADH_23,ADH
BRACS_311_FEA_7,FEA
BRACS_1902_PB_4,PB
BRACS_1637_IC_18,IC
BRACS_1487_ADH_2,ADH
BRACS_754_FEA_3,FEA
BRACS_298_N_8,N
BRACS_1646_IC_11,IC
BRACS_1494_UDH_2,UDH
BRACS_1240_PB_10,PB
BRACS_283_DCIS_27,DCIS
BRACS_1904_N_4,N
BRACS_1771_FEA_57,FEA
BRACS_1235_N_32,N
BRACS_1330_PB_3,PB
BRACS_1253_PB_3,PB
BRACS_753_DCIS_2,DCIS
BRACS_288_N_7,N
BRACS_752_DCIS_16,DCIS
BRACS_295_DCIS_51,DCIS
BRACS_748_DCIS_11,DCIS
BRACS_1930_DCIS_10,DCIS
BRACS_1864_FEA_2,FEA
BRACS_734_N_26,N
BRACS_1257_PB_3,PB
BRACS_773_IC_78,IC
BRACS_1610_PB_12,PB
BRACS_747_FEA_7,FEA
BRACS_773_IC_114,IC
BRACS_1808_FEA_18,FEA
BRACS_311_DCIS_45,DCIS
BRACS_1409_UDH_2,UDH
BRACS_1789_UDH_2,UDH
BRACS_1771_FEA_36,FEA
BRACS_1231_N_8,N
BRACS_1496_PB_6,PB
BRACS_1496_PB_23,PB
BRACS_753_DCIS_29,DCIS
BRACS_1808_FEA_20,FEA
BRACS_1780_UDH_11,UDH
BRACS_749_IC_1,IC
BRACS_1782_UDH_4,UDH
BRACS_283_IC_17,IC
BRACS_1325_N_11,N
BRACS_1596_UDH_7,UDH
BRACS_753_DCIS_31,DCIS
BRACS_1879_PB_2,PB
BRACS_773_IC_14,IC
BRACS_1485_N_5,N
BRACS_1815_FEA_4,FEA
BRACS_1272_IC_36,IC
BRACS_283_DCIS_30,DCIS
BRACS_1637_IC_16,IC
BRACS_265_N_16,N
BRACS_747_FEA_27,FEA
BRACS_1593_N_2,N
BRACS_281_ADH_41,ADH
BRACS_1876_N_6,N
BRACS_747_ADH_5,ADH
BRACS_1247_DCIS_21,DCIS
BRACS_754_DCIS_23,DCIS
BRACS_1771_FEA_98,FEA
BRACS_1873_UDH_1,UDH
BRACS_1946_PB_18,PB
BRACS_295_DCIS_5,DCIS
BRACS_747_ADH_6,ADH
BRACS_283_DCIS_34,DCIS
BRACS_749_DCIS_2,DCIS
BRACS_311_IC_37,IC
BRACS_1272_DCIS_14,DCIS
BRACS_1912_ADH_4,ADH
BRACS_1911_ADH_6,ADH
BRACS_748_DCIS_76,DCIS
BRACS_1612_PB_7,PB
BRACS_1486_PB_12,PB
BRACS_754_DCIS_33,DCIS
BRACS_1235_PB_35,PB
BRACS_1247_DCIS_22,DCIS
BRACS_1877_FEA_6,FEA
BRACS_292_DCIS_7,DCIS
BRACS_1509_PB_20,PB
BRACS_1494_UDH_32,UDH
BRACS_1231_PB_62,PB
BRACS_1950_FEA_8,FEA
BRACS_1808_FEA_76,FEA
BRACS_1811_ADH_21,ADH
BRACS_1771_FEA_89,FEA
BRACS_1603_PB_12,PB
BRACS_311_FEA_38,FEA
BRACS_283_N_19,N
BRACS_1257_PB_4,PB
BRACS_1238_PB_29,PB
BRACS_1863_FEA_8,FEA
BRACS_1933_UDH_12,UDH
BRACS_1591_UDH_4,UDH
BRACS_286_DCIS_17,DCIS
BRACS_1358_IC_2,IC
BRACS_1646_IC_10,IC
BRACS_1646_IC_4,IC
BRACS_1863_FEA_9,FEA
BRACS_1497_UDH_16,UDH
BRACS_753_DCIS_30,DCIS
BRACS_286_IC_31,IC
BRACS_1916_PB_5,PB
BRACS_748_DCIS_70,DCIS
BRACS_745_PB_11,PB
BRACS_773_DCIS_8,DCIS
BRACS_1946_UDH_9,UDH
BRACS_297_N_8,N
BRACS_1811_FEA_20,FEA
BRACS_1771_FEA_72,FEA
BRACS_1235_PB_27,PB
BRACS_734_IC_71,IC
BRACS_1231_PB_55,PB
BRACS_734_ADH_77,ADH
BRACS_283_IC_15,IC
BRACS_1938_FEA_6,FEA
BRACS_280_N_19,N
BRACS_745_PB_6,PB
BRACS_1272_UDH_34,UDH
BRACS_1877_FEA_11,FEA
BRACS_734_N_31,N
BRACS_1773_FEA_7,FEA
BRACS_1318_PB_4,PB
BRACS_1865_N_2,N
BRACS_1779_PB_7,PB
BRACS_1239_PB_3,PB
BRACS_745_PB_18,PB
BRACS_748_IC_83,IC
BRACS_1478_ADH_3,ADH
BRACS_1943_FEA_1,FEA
BRACS_1808_FEA_47,FEA
BRACS_1877_ADH_16,ADH
BRACS_748_DCIS_6,DCIS
BRACS_1240_PB_12,PB
BRACS_773_IC_58,IC
BRACS_1270_PB_1,PB
BRACS_297_IC_7,IC
BRACS_1487_ADH_7,ADH
BRACS_1941_FEA_16,FEA
BRACS_1808_FEA_11,FEA
BRACS_286_DCIS_16,DCIS
BRACS_1914_PB_2,PB
BRACS_754_IC_49,IC
BRACS_1242_PB_4,PB
BRACS_1491_DCIS_25,DCIS
BRACS_1242_PB_3,PB
BRACS_755_ADH_4,ADH
BRACS_1950_ADH_10,ADH
BRACS_1272_PB_29,PB
BRACS_745_PB_15,PB
BRACS_1486_PB_4,PB
BRACS_748_DCIS_30,DCIS
BRACS_1771_FEA_58,FEA
BRACS_773_IC_109,IC
BRACS_1356_IC_1,IC
BRACS_1933_PB_5,PB
BRACS_748_DCIS_88,DCIS
BRACS_1240_PB_4,PB
BRACS_1250_PB_2,PB
BRACS_773_IC_85,IC
BRACS_754_DCIS_13,DCIS
BRACS_1808_ADH_51,ADH
BRACS_311_FEA_14,FEA
BRACS_1950_ADH_22,ADH
BRACS_748_DCIS_19,DCIS
BRACS_1606_PB_5,PB
BRACS_1646_IC_7,IC
BRACS_1877_FEA_14,FEA
BRACS_748_DCIS_90,DCIS
BRACS_773_IC_74,IC
BRACS_1478_ADH_35,ADH
BRACS_264_N_1,N
BRACS_1808_ADH_24,ADH
BRACS_736_DCIS_12,DCIS
BRACS_311_DCIS_16,DCIS
BRACS_1917_UDH_2,UDH
BRACS_292_IC_8,IC
BRACS_1487_UDH_14,UDH
BRACS_1238_ADH_38,ADH
BRACS_773_IC_71,IC
BRACS_1610_PB_6,PB
BRACS_1771_FEA_74,FEA
BRACS_1497_UDH_20,UDH
BRACS_1356_IC_2,IC
BRACS_1582_PB_3,PB
BRACS_311_FEA_29,FEA
BRACS_286_N_9,N
BRACS_1857_FEA_4,FEA
BRACS_1795_FEA_12,FEA
BRACS_1945_FEA_1,FEA
BRACS_1238_ADH_50,ADH
BRACS_748_DCIS_5,DCIS
BRACS_753_IC_23,IC
BRACS_1512_DCIS_14,DCIS
BRACS_1510_FEA_11,FEA
BRACS_1487_UDH_10,UDH
BRACS_1864_FEA_10,FEA
BRACS_1795_FEA_51,FEA
BRACS_1862_FEA_8,FEA
BRACS_1512_DCIS_2,DCIS
BRACS_1886_N_2,N
BRACS_295_DCIS_21,DCIS
BRACS_743_PB_3,PB
BRACS_1950_ADH_17,ADH
BRACS_311_FEA_67,FEA
BRACS_743_PB_6,PB
BRACS_295_DCIS_34,DCIS
BRACS_773_IC_47,IC
BRACS_281_PB_18,PB
BRACS_1496_PB_40,PB
BRACS_1930_DCIS_21,DCIS
BRACS_280_N_11,N
BRACS_1940_PB_2,PB
BRACS_1774_FEA_12,FEA
BRACS_300_N_6,N
BRACS_280_N_3,N
BRACS_750_ADH_5,ADH
BRACS_1646_IC_3,IC
BRACS_1487_ADH_20,ADH
BRACS_752_DCIS_20,DCIS
BRACS_1485_N_1,N
BRACS_281_N_25,N
BRACS_1494_PB_48,PB
BRACS_300_N_4,N
BRACS_754_DCIS_47,DCIS
BRACS_1238_ADH_42,ADH
BRACS_295_DCIS_38,DCIS
BRACS_1512_DCIS_16,DCIS
BRACS_773_DCIS_59,DCIS
BRACS_736_DCIS_9,DCIS
BRACS_295_IC_59,IC
BRACS_1496_UDH_31,UDH
BRACS_753_DCIS_7,DCIS
BRACS_311_DCIS_49,DCIS
BRACS_773_DCIS_41,DCIS
BRACS_1265_IC_9,IC
BRACS_1863_FEA_10,FEA
BRACS_286_ADH_30,ADH
BRACS_311_FEA_25,FEA
BRACS_1646_IC_9,IC
BRACS_1494_UDH_1,UDH
BRACS_1876_UDH_7,UDH
BRACS_1943_FEA_16,FEA
BRACS_734_ADH_23,ADH
BRACS_748_DCIS_3,DCIS
BRACS_1497_ADH_18,ADH
BRACS_1885_N_1,N
BRACS_295_DCIS_22,DCIS
BRACS_1595_UDH_6,UDH
BRACS_1771_FEA_13,FEA
BRACS_1496_UDH_39,UDH
BRACS_773_N_98,N
BRACS_1863_FEA_2,FEA
BRACS_1771_FEA_95,FEA
BRACS_745_PB_9,PB
BRACS_1808_ADH_42,ADH
BRACS_1595_PB_1,PB
BRACS_755_ADH_19,ADH
BRACS_1356_IC_3,IC
BRACS_1605_PB_9,PB
BRACS_1322_PB_1,PB
BRACS_757_IC_2,IC
BRACS_1634_N_2,N
BRACS_288_N_10,N
BRACS_1945_DCIS_15,DCIS
BRACS_1594_PB_4,PB
BRACS_773_IC_77,IC
BRACS_1871_FEA_4,FEA
BRACS_1918_UDH_3,UDH
BRACS_1862_FEA_9,FEA
BRACS_743_PB_17,PB
BRACS_1640_PB_3,PB
BRACS_773_IC_51,IC
BRACS_1238_PB_12,PB
BRACS_745_PB_4,PB
BRACS_1238_UDH_5,UDH
BRACS_745_PB_13,PB
BRACS_773_DCIS_65,DCIS
BRACS_1774_FEA_1,FEA
BRACS_773_DCIS_26,DCIS
BRACS_1771_FEA_43,FEA
BRACS_773_DCIS_48,DCIS
BRACS_1612_PB_5,PB
BRACS_1494_N_54,N
BRACS_1863_FEA_11,FEA
BRACS_1932_N_5,N
BRACS_1509_PB_6,PB
BRACS_754_IC_2,IC
BRACS_1901_PB_1,PB
BRACS_747_DCIS_15,DCIS
BRACS_1918_PB_4,PB
BRACS_1810_FEA_30,FEA
BRACS_1637_IC_2,IC
BRACS_1773_FEA_9,FEA
BRACS_1494_UDH_45,UDH
BRACS_1811_ADH_29,ADH
BRACS_1810_ADH_13,ADH
BRACS_1858_FEA_4,FEA
BRACS_1270_PB_2,PB
BRACS_1637_IC_4,IC
BRACS_1496_ADH_4,ADH
BRACS_1231_N_35,N
BRACS_295_IC_63,IC
BRACS_753_DCIS_32,DCIS
BRACS_752_DCIS_12,DCIS
BRACS_1605_PB_15,PB
BRACS_1880_N_2,N
BRACS_1795_FEA_26,FEA
BRACS_264_PB_3,PB
BRACS_1487_ADH_3,ADH
BRACS_1512_DCIS_12,DCIS
BRACS_755_ADH_16,ADH
BRACS_1952_PB_1,PB
BRACS_297_IC_15,IC
BRACS_1876_N_3,N
BRACS_1503_UDH_5,UDH
BRACS_1289_IC_6,IC
BRACS_1771_FEA_32,FEA
BRACS_736_DCIS_2,DCIS
BRACS_1494_PB_6,PB
BRACS_1272_ADH_30,ADH
BRACS_1870_PB_1,PB
BRACS_1325_N_6,N
BRACS_1890_PB_6,PB
BRACS_280_N_16,N
BRACS_1605_PB_7,PB
BRACS_748_DCIS_39,DCIS
BRACS_1620_PB_1,PB
BRACS_280_N_10,N
BRACS_1813_FEA_1,FEA
BRACS_1808_ADH_37,ADH
BRACS_1247_DCIS_14,DCIS
BRACS_1774_FEA_4,FEA
BRACS_292_DCIS_1,DCIS
BRACS_1808_FEA_44,FEA
BRACS_1496_UDH_19,UDH
BRACS_281_N_12,N
BRACS_747_FEA_1,FEA
BRACS_743_PB_2,PB
BRACS_1496_UDH_12,UDH
BRACS_1496_UDH_35,UDH
BRACS_311_FEA_74,FEA
BRACS_1637_IC_9,IC
BRACS_1497_UDH_13,UDH
BRACS_311_FEA_66,FEA
BRACS_1496_UDH_2,UDH
BRACS_280_N_8,N
BRACS_734_N_56,N
BRACS_1247_DCIS_40,DCIS
BRACS_1606_UDH_1,UDH
BRACS_1811_ADH_22,ADH
BRACS_1598_N_5,N
BRACS_1771_FEA_90,FEA
BRACS_743_PB_18,PB
BRACS_773_DCIS_12,DCIS
BRACS_748_DCIS_43,DCIS
BRACS_1950_ADH_25,ADH
BRACS_1494_PB_17,PB
BRACS_264_PB_14,PB
BRACS_1608_N_3,N
BRACS_747_FEA_50,FEA
BRACS_1876_FEA_4,FEA
BRACS_1496_ADH_49,ADH
BRACS_311_DCIS_65,DCIS
BRACS_1496_ADH_44,ADH
BRACS_264_PB_13,PB
BRACS_1900_PB_6,PB
BRACS_1808_ADH_81,ADH
BRACS_773_DCIS_110,DCIS
BRACS_301_IC_19,IC
BRACS_748_DCIS_24,DCIS
BRACS_734_FEA_69,FEA
BRACS_1596_UDH_5,UDH
BRACS_1771_FEA_94,FEA
BRACS_1329_PB_3,PB
BRACS_1325_N_4,N
BRACS_1773_FEA_1,FEA
BRACS_754_DCIS_22,DCIS
BRACS_1779_PB_9,PB
BRACS_753_DCIS_25,DCIS
BRACS_747_UDH_37,UDH
BRACS_1486_PB_13,PB
BRACS_773_IC_81,IC
BRACS_743_PB_20,PB
BRACS_734_N_90,N
BRACS_1235_PB_6,PB
BRACS_295_DCIS_30,DCIS
BRACS_1244_PB_1,PB
BRACS_1491_DCIS_23,DCIS
BRACS_1808_FEA_7,FEA
BRACS_1231_PB_29,PB
BRACS_750_DCIS_32,DCIS
BRACS_1247_DCIS_10,DCIS
BRACS_1862_FEA_3,FEA
BRACS_754_IC_35,IC
BRACS_773_DCIS_106,DCIS
BRACS_747_ADH_10,ADH
BRACS_1244_UDH_2,UDH
BRACS_1497_ADH_22,ADH
BRACS_1808_FEA_35,FEA
BRACS_1911_ADH_5,ADH
BRACS_1904_N_1,N
BRACS_1494_UDH_4,UDH
BRACS_1795_FEA_32,FEA
BRACS_1950_FEA_9,FEA
BRACS_300_N_7,N
BRACS_1863_ADH_12,ADH
BRACS_1789_PB_1,PB
BRACS_1864_FEA_5,FEA
BRACS_1795_FEA_5,FEA
BRACS_749_DCIS_6,DCIS
BRACS_743_PB_14,PB
BRACS_1494_ADH_42,ADH
BRACS_734_ADH_84,ADH
BRACS_1238_PB_24,PB
BRACS_1877_FEA_13,FEA
BRACS_1808_ADH_9,ADH
BRACS_1272_ADH_22,ADH
BRACS_1893_PB_2,PB
BRACS_281_UDH_47,UDH
BRACS_754_FEA_51,FEA
BRACS_750_ADH_19,ADH
BRACS_311_DCIS_31,DCIS
BRACS_1255_PB_5,PB
BRACS_1941_PB_19,PB
BRACS_1238_PB_47,PB
BRACS_1945_N_12,N
BRACS_750_DCIS_7,DCIS
BRACS_1510_FEA_16,FEA
BRACS_747_ADH_63,ADH
BRACS_295_DCIS_56,DCIS
BRACS_754_IC_42,IC
BRACS_745_PB_8,PB
BRACS_1486_PB_3,PB
BRACS_756_DCIS_3,DCIS
BRACS_281_N_8,N
BRACS_298_IC_5,IC
BRACS_734_ADH_29,ADH
BRACS_311_FEA_18,FEA
BRACS_1811_FEA_25,FEA
BRACS_1509_DCIS_13,DCIS
BRACS_1795_FEA_10,FEA
BRACS_281_N_20,N
BRACS_1808_ADH_67,ADH
BRACS_743_PB_1,PB
BRACS_1772_PB_5,PB
BRACS_750_ADH_18,ADH
BRACS_295_DCIS_35,DCIS
BRACS_264_N_19,N
BRACS_1771_FEA_10,FEA
BRACS_1953_FEA_10,FEA
BRACS_1890_PB_1,PB
BRACS_281_N_14,N
BRACS_1272_PB_45,PB
BRACS_311_FEA_5,FEA
BRACS_1238_ADH_28,ADH
BRACS_748_IC_33,IC
BRACS_1603_PB_8,PB
BRACS_745_PB_7,PB
BRACS_1496_ADH_16,ADH
BRACS_1795_FEA_34,FEA
BRACS_286_FEA_21,FEA
BRACS_1512_DCIS_23,DCIS
BRACS_283_DCIS_41,DCIS
BRACS_1497_UDH_19,UDH
BRACS_1486_UDH_1,UDH
BRACS_1808_FEA_75,FEA
BRACS_1247_DCIS_47,DCIS
BRACS_745_PB_12,PB
BRACS_1771_FEA_83,FEA
BRACS_1933_PB_13,PB
BRACS_311_DCIS_28,DCIS
BRACS_1941_FEA_17,FEA
BRACS_1952_UDH_5,UDH
BRACS_734_N_10,N
BRACS_734_ADH_96,ADH
BRACS_1512_DCIS_4,DCIS
BRACS_1494_ADH_28,ADH
BRACS_760_N_8,N
BRACS_1637_DCIS_12,DCIS
BRACS_265_N_5,N
BRACS_1774_FEA_11,FEA
BRACS_1640_N_5,N
BRACS_1491_DCIS_32,DCIS
BRACS_1486_PB_7,PB
BRACS_1247_DCIS_8,DCIS
BRACS_1238_ADH_44,ADH
BRACS_1815_FEA_2,FEA
BRACS_748_DCIS_60,DCIS
BRACS_1603_PB_11,PB
BRACS_1941_FEA_5,FEA
BRACS_1808_ADH_6,ADH
BRACS_1510_N_2,N
BRACS_1953_FEA_1,FEA
BRACS_1247_DCIS_9,DCIS
BRACS_1871_FEA_7,FEA
BRACS_281_IC_46,IC
BRACS_1950_FEA_30,FEA
BRACS_1640_PB_6,PB
BRACS_264_PB_2,PB
BRACS_1810_FEA_64,FEA
BRACS_311_FEA_27,FEA
BRACS_773_DCIS_79,DCIS
BRACS_1865_FEA_3,FEA
BRACS_1238_PB_9,PB
BRACS_1950_ADH_2,ADH
BRACS_734_FEA_100,FEA
BRACS_1771_FEA_77,FEA
BRACS_1901_PB_7,PB
BRACS_743_PB_5,PB
BRACS_1773_FEA_6,FEA
BRACS_1612_PB_6,PB
BRACS_295_DCIS_62,DCIS
BRACS_1795_FEA_25,FEA
BRACS_283_N_26,N
BRACS_311_FEA_20,FEA
BRACS_1950_FEA_7,FEA
BRACS_1583_PB_1,PB
BRACS_1235_IC_18,IC
BRACS_748_DCIS_13,DCIS
BRACS_1235_PB_22,PB
BRACS_734_FEA_36,FEA
BRACS_264_PB_21,PB
BRACS_1409_UDH_5,UDH
BRACS_297_IC_29,IC
BRACS_1240_PB_13,PB
BRACS_311_FEA_24,FEA
BRACS_734_N_3,N
BRACS_1771_FEA_21,FEA
BRACS_1231_UDH_3,UDH
BRACS_1771_FEA_91,FEA
BRACS_1637_IC_1,IC
BRACS_748_DCIS_46,DCIS
BRACS_1250_PB_5,PB
BRACS_1941_FEA_11,FEA
BRACS_1247_DCIS_38,DCIS
BRACS_1325_N_10,N
BRACS_1771_FEA_9,FEA
BRACS_311_N_12,N
BRACS_1808_FEA_61,FEA
BRACS_292_IC_18,IC
BRACS_292_DCIS_15,DCIS
BRACS_283_N_42,N
BRACS_752_DCIS_14,DCIS
BRACS_1478_DCIS_7,DCIS
BRACS_1795_FEA_27,FEA
BRACS_1773_FEA_14,FEA
BRACS_1478_DCIS_14,DCIS
BRACS_1950_ADH_23,ADH
BRACS_295_DCIS_41,DCIS
BRACS_1603_PB_13,PB
BRACS_1811_DCIS_2,DCIS
BRACS_1808_FEA_60,FEA
BRACS_1885_UDH_4,UDH
BRACS_292_IC_13,IC
BRACS_1610_UDH_2,UDH
BRACS_773_UDH_68,UDH
BRACS_1635_IC_8,IC
BRACS_748_DCIS_54,DCIS
BRACS_295_DCIS_27,DCIS
BRACS_1491_DCIS_20,DCIS
BRACS_1811_ADH_4,ADH
BRACS_749_IC_9,IC
BRACS_1771_FEA_24,FEA
BRACS_1808_FEA_36,FEA
BRACS_1810_ADH_66,ADH
BRACS_747_UDH_57,UDH
BRACS_773_UDH_20,UDH
BRACS_773_IC_57,IC
BRACS_295_IC_43,IC
BRACS_1943_FEA_22,FEA
BRACS_1771_FEA_45,FEA
BRACS_1510_FEA_22,FEA
BRACS_748_DCIS_22,DCIS
BRACS_1773_FEA_10,FEA
BRACS_773_IC_101,IC
BRACS_1810_FEA_12,FEA
BRACS_1231_PB_43,PB
BRACS_1610_PB_1,PB
BRACS_297_IC_13,IC
BRACS_311_FEA_69,FEA
BRACS_281_N_22,N
BRACS_1795_FEA_43,FEA
BRACS_1950_ADH_11,ADH
BRACS_773_IC_62,IC
BRACS_1478_ADH_5,ADH
BRACS_1938_UDH_9,UDH
BRACS_736_N_3,N
BRACS_756_IC_6,IC
BRACS_1795_FEA_16,FEA
BRACS_311_N_80,N
BRACS_773_IC_111,IC
BRACS_1272_IC_42,IC
BRACS_1771_FEA_30,FEA
BRACS_1886_PB_1,PB
BRACS_1596_UDH_6,UDH
BRACS_1247_DCIS_31,DCIS
BRACS_1780_PB_8,PB
BRACS_1858_FEA_3,FEA
BRACS_747_IC_30,IC
BRACS_1491_DCIS_35,DCIS
BRACS_1926_PB_2,PB
BRACS_1491_DCIS_18,DCIS
BRACS_1318_PB_3,PB
BRACS_1635_IC_5,IC
BRACS_1773_FEA_5,FEA
BRACS_1950_FEA_21,FEA
BRACS_1251_PB_2,PB
BRACS_1646_IC_15,IC
BRACS_1491_DCIS_9,DCIS
BRACS_748_DCIS_51,DCIS
BRACS_1900_PB_2,PB
BRACS_743_PB_8,PB
BRACS_734_ADH_91,ADH
BRACS_1930_DCIS_20,DCIS
BRACS_1941_PB_4,PB
BRACS_1497_UDH_1,UDH
BRACS_773_DCIS_80,DCIS
BRACS_1949_UDH_1,UDH
BRACS_1916_PB_3,PB
BRACS_1238_UDH_35,UDH
BRACS_280_N_1,N
BRACS_1946_PB_17,PB
BRACS_295_IC_33,IC
BRACS_1272_ADH_4,ADH
BRACS_281_N_11,N
BRACS_1272_ADH_33,ADH
BRACS_1879_PB_1,PB
BRACS_1491_DCIS_13,DCIS
BRACS_1319_PB_3,PB
BRACS_747_ADH_8,ADH
BRACS_1646_IC_16,IC
BRACS_734_ADH_42,ADH
BRACS_747_FEA_53,FEA
BRACS_747_DCIS_54,DCIS
BRACS_1647_IC_9,IC
BRACS_1645_N_1,N
BRACS_1491_DCIS_22,DCIS
BRACS_1512_DCIS_20,DCIS
BRACS_1941_FEA_12,FEA
BRACS_283_IC_5,IC
BRACS_1932_UDH_1,UDH
BRACS_754_FEA_25,FEA
BRACS_748_DCIS_18,DCIS
BRACS_1808_FEA_8,FEA
BRACS_1808_FEA_23,FEA
BRACS_1930_DCIS_16,DCIS
BRACS_292_IC_26,IC
BRACS_1890_PB_7,PB
BRACS_265_N_1,N
BRACS_752_DCIS_33,DCIS
BRACS_1637_IC_15,IC
BRACS_1231_PB_46,PB
BRACS_773_DCIS_44,DCIS
BRACS_1235_PB_1,PB
BRACS_1877_FEA_2,FEA
BRACS_734_ADH_85,ADH
BRACS_743_PB_19,PB
BRACS_1272_ADH_11,ADH
BRACS_1319_PB_14,PB
BRACS_297_IC_2,IC
BRACS_1782_PB_2,PB
BRACS_1936_UDH_2,UDH
BRACS_1900_PB_4,PB
BRACS_1503_UDH_13,UDH
BRACS_1240_PB_11,PB
BRACS_286_IC_13,IC
BRACS_281_ADH_29,ADH
BRACS_1494_UDH_29,UDH
BRACS_1330_PB_2,PB
BRACS_753_DCIS_39,DCIS
BRACS_773_DCIS_40,DCIS
BRACS_734_ADH_61,ADH
BRACS_750_DCIS_14,DCIS
BRACS_734_ADH_17,ADH
BRACS_1616_UDH_4,UDH
BRACS_1325_PB_2,PB
BRACS_1606_PB_15,PB
BRACS_1808_FEA_31,FEA
BRACS_753_IC_37,IC
BRACS_1862_FEA_2,FEA
BRACS_1808_ADH_52,ADH
BRACS_281_IC_21,IC
BRACS_286_DCIS_36,DCIS
BRACS_1930_DCIS_19,DCIS
BRACS_755_ADH_24,ADH
BRACS_1917_UDH_1,UDH
BRACS_295_DCIS_61,DCIS
BRACS_1251_PB_1,PB
BRACS_1491_DCIS_12,DCIS
BRACS_1810_ADH_11,ADH
BRACS_1491_DCIS_30,DCIS
BRACS_1918_PB_2,PB
BRACS_1255_PB_4,PB
BRACS_281_N_27,N
BRACS_1503_UDH_10,UDH
BRACS_1930_DCIS_13,DCIS
BRACS_773_DCIS_95,DCIS
BRACS_1496_ADH_11,ADH
BRACS_1605_PB_12,PB
BRACS_1865_FEA_10,FEA
BRACS_283_N_48,N
BRACS_755_ADH_25,ADH
BRACS_754_FEA_24,FEA
BRACS_747_IC_23,IC
BRACS_1491_DCIS_19,DCIS
BRACS_1886_N_6,N
BRACS_734_N_89,N
BRACS_1231_UDH_59,UDH
BRACS_747_FEA_26,FEA
BRACS_1877_UDH_5,UDH
BRACS_1509_DCIS_18,DCIS
BRACS_1509_DCIS_4,DCIS
BRACS_754_FEA_52,FEA
BRACS_1247_DCIS_48,DCIS
BRACS_1940_PB_1,PB
BRACS_1242_PB_1,PB
BRACS_1247_DCIS_1,DCIS
BRACS_1238_UDH_49,UDH
BRACS_1510_FEA_10,FEA
BRACS_1771_FEA_69,FEA
BRACS_283_IC_2,IC
BRACS_748_DCIS_1,DCIS
BRACS_1272_ADH_2,ADH
BRACS_1240_PB_9,PB
BRACS_1943_FEA_4,FEA
BRACS_1487_FEA_6,FEA
BRACS_1808_FEA_88,FEA
BRACS_1641_N_3,N
BRACS_1279_PB_4,PB
BRACS_734_ADH_86,ADH
BRACS_264_PB_15,PB
BRACS_734_ADH_55,ADH
BRACS_1595_UDH_8,UDH
BRACS_1858_FEA_5,FEA
BRACS_734_ADH_66,ADH
BRACS_1808_FEA_80,FEA
BRACS_1610_UDH_13,UDH
BRACS_300_N_10,N
BRACS_1253_PB_1,PB
BRACS_1478_DCIS_34,DCIS
BRACS_1648_IC_2,IC
BRACS_1231_PB_56,PB
BRACS_1811_ADH_17,ADH
BRACS_1494_ADH_34,ADH
BRACS_1810_ADH_4,ADH
BRACS_1596_UDH_3,UDH
BRACS_734_ADH_97,ADH
BRACS_1231_PB_49,PB
BRACS_1808_FEA_55,FEA
BRACS_1911_ADH_1,ADH
BRACS_747_FEA_36,FEA
BRACS_753_DCIS_38,DCIS
BRACS_1810_FEA_33,FEA
BRACS_773_IC_5,IC
BRACS_1512_DCIS_25,DCIS
BRACS_1478_ADH_28,ADH
BRACS_734_ADH_50,ADH
BRACS_311_FEA_33,FEA
BRACS_1811_FEA_6,FEA
BRACS_1595_PB_13,PB
BRACS_755_ADH_21,ADH
BRACS_773_DCIS_46,DCIS
BRACS_1810_ADH_9,ADH
BRACS_1930_DCIS_1,DCIS
BRACS_1612_PB_9,PB
BRACS_1510_PB_14,PB
BRACS_754_DCIS_17,DCIS
BRACS_1810_IC_56,IC
BRACS_748_DCIS_23,DCIS
BRACS_743_PB_24,PB
BRACS_1509_DCIS_19,DCIS
BRACS_752_IC_1,IC
BRACS_1780_PB_2,PB
BRACS_748_DCIS_61,DCIS
BRACS_281_IC_26,IC
BRACS_752_DCIS_36,DCIS
BRACS_1587_IC_1,IC
BRACS_281_ADH_37,ADH
BRACS_1235_UDH_19,UDH
BRACS_750_DCIS_30,DCIS
BRACS_1231_PB_13,PB
BRACS_1863_FEA_4,FEA
BRACS_1950_ADH_18,ADH
BRACS_1795_UDH_38,UDH
BRACS_1289_IC_5,IC
BRACS_750_DCIS_34,DCIS
BRACS_1771_FEA_35,FEA
BRACS_1512_DCIS_3,DCIS
BRACS_1771_FEA_42,FEA
BRACS_750_DCIS_16,DCIS
BRACS_1795_FEA_1,FEA
BRACS_1808_FEA_22,FEA
BRACS_1593_N_1,N
BRACS_1795_FEA_33,FEA
BRACS_1866_PB_1,PB
BRACS_1808_FEA_46,FEA
BRACS_1932_N_4,N
BRACS_1771_FEA_16,FEA
BRACS_1231_PB_50,PB
BRACS_301_IC_16,IC
BRACS_283_N_16,N
BRACS_1510_FEA_6,FEA
BRACS_281_N_7,N
BRACS_752_DCIS_15,DCIS
BRACS_1808_FEA_4,FEA
BRACS_1251_PB_3,PB
BRACS_1808_FEA_65,FEA
BRACS_747_FEA_66,FEA
BRACS_1595_UDH_2,UDH
BRACS_1808_ADH_95,ADH
BRACS_743_PB_15,PB
BRACS_1876_FEA_5,FEA
BRACS_747_ADH_58,ADH
BRACS_755_ADH_17,ADH
BRACS_1605_PB_14,PB
BRACS_1247_DCIS_7,DCIS
BRACS_1808_FEA_73,FEA
BRACS_745_PB_10,PB
BRACS_1238_ADH_8,ADH
BRACS_1771_FEA_26,FEA
BRACS_1496_ADH_8,ADH
BRACS_750_DCIS_29,DCIS
BRACS_1771_FEA_87,FEA
BRACS_300_N_3,N
BRACS_773_IC_56,IC
BRACS_734_ADH_33,ADH
BRACS_1494_ADH_27,ADH
BRACS_748_IC_82,IC
BRACS_1950_ADH_20,ADH
BRACS_1265_IC_3,IC
BRACS_747_FEA_56,FEA
BRACS_1605_PB_1,PB
BRACS_748_DCIS_98,DCIS
BRACS_283_IC_23,IC
BRACS_1247_DCIS_30,DCIS
BRACS_1319_PB_4,PB
BRACS_1946_UDH_3,UDH
BRACS_743_PB_10,PB
BRACS_1235_IC_11,IC
BRACS_1606_PB_7,PB
BRACS_1336_PB_1,PB
BRACS_1933_UDH_15,UDH
BRACS_1773_FEA_13,FEA
BRACS_773_IC_91,IC
BRACS_1247_DCIS_51,DCIS
BRACS_749_IC_5,IC
BRACS_1594_PB_2,PB
BRACS_1808_FEA_17,FEA
BRACS_754_DCIS_36,DCIS
BRACS_1901_PB_11,PB
BRACS_1509_DCIS_7,DCIS
BRACS_1930_DCIS_12,DCIS
BRACS_1494_ADH_52,ADH
BRACS_1238_PB_26,PB
BRACS_283_DCIS_49,DCIS
BRACS_1771_FEA_81,FEA
BRACS_747_FEA_32,FEA
BRACS_1864_ADH_1,ADH
BRACS_1487_FEA_23,FEA
BRACS_1918_N_10,N
BRACS_756_IC_9,IC
BRACS_1795_FEA_55,FEA
BRACS_1478_DCIS_20,DCIS
BRACS_1247_DCIS_32,DCIS
BRACS_760_N_9,N
BRACS_1930_N_9,N
BRACS_736_DCIS_7,DCIS
BRACS_1810_FEA_15,FEA
BRACS_1943_FEA_10,FEA
BRACS_1815_FEA_1,FEA
BRACS_736_N_11,N
BRACS_752_DCIS_28,DCIS
BRACS_1478_ADH_29,ADH
BRACS_734_ADH_104,ADH
BRACS_1272_UDH_19,UDH
BRACS_1930_DCIS_14,DCIS
BRACS_1508_N_1,N
BRACS_295_DCIS_54,DCIS
BRACS_1941_FEA_10,FEA
BRACS_1487_ADH_24,ADH
BRACS_1779_PB_4,PB
BRACS_743_PB_28,PB
BRACS_1491_DCIS_5,DCIS
BRACS_281_IC_1,IC
BRACS_734_ADH_21,ADH
BRACS_753_ADH_18,ADH
BRACS_1250_PB_1,PB
BRACS_264_N_9,N
BRACS_773_IC_19,IC
BRACS_1510_FEA_20,FEA
BRACS_1810_IC_28,IC
BRACS_1864_FEA_7,FEA
BRACS_1338_PB_1,PB
BRACS_1824_ADH_1,ADH
BRACS_754_FEA_34,FEA
BRACS_1496_UDH_18,UDH
BRACS_286_IC_2,IC
BRACS_1810_FEA_42,FEA
BRACS_295_DCIS_13,DCIS
BRACS_773_DCIS_64,DCIS
BRACS_750_IC_4,IC
BRACS_747_DCIS_52,DCIS
BRACS_1272_UDH_41,UDH
BRACS_1795_FEA_50,FEA
BRACS_1926_PB_4,PB
BRACS_1235_PB_34,PB
BRACS_1771_FEA_44,FEA
BRACS_1946_PB_12,PB
BRACS_1318_PB_6,PB
BRACS_773_IC_94,IC
BRACS_761_N_1,N
BRACS_1771_FEA_46,FEA
BRACS_1780_UDH_14,UDH
BRACS_1814_FEA_2,FEA
BRACS_295_DCIS_45,DCIS
BRACS_753_DCIS_33,DCIS
BRACS_1247_DCIS_25,DCIS
BRACS_1247_DCIS_12,DCIS
BRACS_1585_N_2,N
BRACS_295_DCIS_48,DCIS
BRACS_1637_ADH_13,ADH
BRACS_1509_DCIS_14,DCIS
BRACS_734_ADH_80,ADH
BRACS_1320_PB_5,PB
BRACS_1238_PB_2,PB
BRACS_747_UDH_64,UDH
BRACS_748_DCIS_84,DCIS
BRACS_1945_DCIS_2,DCIS
BRACS_1779_PB_16,PB
BRACS_1247_DCIS_27,DCIS
BRACS_747_ADH_22,ADH
BRACS_292_DCIS_14,DCIS
BRACS_1825_ADH_2,ADH
BRACS_734_ADH_41,ADH
BRACS_1864_ADH_8,ADH
BRACS_1231_N_54,N
BRACS_1943_FEA_12,FEA
BRACS_1231_N_38,N
BRACS_1239_PB_6,PB
BRACS_1509_DCIS_9,DCIS
BRACS_297_N_20,N
BRACS_753_ADH_10,ADH
BRACS_1494_ADH_11,ADH
BRACS_1795_FEA_46,FEA
BRACS_1496_UDH_25,UDH
BRACS_1272_IC_18,IC
BRACS_1811_FEA_24,FEA
BRACS_748_DCIS_63,DCIS
BRACS_1367_ADH_2,ADH
BRACS_1808_FEA_10,FEA
BRACS_295_DCIS_18,DCIS
BRACS_311_FEA_34,FEA
BRACS_1779_PB_17,PB
BRACS_1808_FEA_48,FEA
BRACS_264_N_16,N
BRACS_748_DCIS_37,DCIS
BRACS_752_DCIS_11,DCIS
BRACS_1319_PB_2,PB
BRACS_1810_FEA_59,FEA
BRACS_1886_N_3,N
BRACS_753_DCIS_15,DCIS
BRACS_1231_UDH_9,UDH
BRACS_760_N_11,N
BRACS_1857_N_5,N
BRACS_1247_DCIS_29,DCIS
BRACS_1926_PB_5,PB
BRACS_1811_ADH_3,ADH
BRACS_295_DCIS_46,DCIS
BRACS_1795_FEA_17,FEA
BRACS_750_DCIS_9,DCIS
BRACS_281_ADH_32,ADH
BRACS_1318_PB_1,PB
BRACS_1509_FEA_10,FEA
BRACS_1318_PB_10,PB
BRACS_1949_PB_3,PB
BRACS_1647_IC_8,IC
BRACS_1362_IC_1,IC
BRACS_1486_PB_11,PB
BRACS_773_IC_55,IC
BRACS_1503_UDH_9,UDH
BRACS_1810_FEA_5,FEA
BRACS_758_N_3,N
BRACS_297_IC_9,IC
BRACS_281_ADH_38,ADH
BRACS_1231_N_45,N
BRACS_1508_N_3,N
BRACS_1771_FEA_100,FEA
BRACS_1367_ADH_1,ADH
BRACS_1810_FEA_55,FEA
BRACS_298_IC_3,IC
BRACS_743_PB_22,PB
BRACS_1235_N_33,N
BRACS_1496_ADH_41,ADH
BRACS_773_IC_25,IC
BRACS_745_PB_22,PB
BRACS_1879_PB_5,PB
BRACS_1864_N_4,N
BRACS_264_PB_8,PB
BRACS_1247_DCIS_6,DCIS
BRACS_1640_N_8,N
BRACS_283_DCIS_31,DCIS
BRACS_1918_PB_7,PB
BRACS_1603_PB_9,PB
BRACS_1612_PB_3,PB
BRACS_1247_DCIS_53,DCIS
BRACS_1272_ADH_10,ADH
BRACS_748_DCIS_21,DCIS
BRACS_295_DCIS_3,DCIS
BRACS_295_IC_49,IC
BRACS_752_DCIS_7,DCIS
BRACS_754_IC_32,IC
BRACS_1289_IC_9,IC
BRACS_1930_DCIS_7,DCIS
BRACS_265_N_8,N
BRACS_734_IC_27,IC
BRACS_1478_DCIS_8,DCIS
BRACS_1510_PB_17,PB
BRACS_753_DCIS_12,DCIS
BRACS_1789_UDH_4,UDH
BRACS_754_IC_4,IC
BRACS_265_N_12,N
BRACS_1808_FEA_41,FEA
BRACS_753_IC_35,IC
BRACS_753_DCIS_17,DCIS
BRACS_1811_FEA_37,FEA
BRACS_1510_N_21,N
BRACS_1319_PB_10,PB
BRACS_1325_PB_3,PB
BRACS_1810_ADH_41,ADH
BRACS_1487_ADH_25,ADH
BRACS_1491_DCIS_33,DCIS
BRACS_311_FEA_6,FEA
BRACS_1771_FEA_1,FEA
BRACS_1953_FEA_8,FEA
BRACS_755_ADH_5,ADH
BRACS_1512_DCIS_11,DCIS
BRACS_1503_UDH_2,UDH
BRACS_297_IC_23,IC
BRACS_1503_UDH_16,UDH
BRACS_773_IC_113,IC
BRACS_1235_PB_29,PB
BRACS_1329_PB_2,PB
BRACS_773_IC_75,IC
BRACS_1619_PB_2,PB
BRACS_734_ADH_76,ADH
BRACS_1496_UDH_30,UDH
BRACS_1795_FEA_35,FEA
BRACS_734_ADH_25,ADH
BRACS_1486_PB_2,PB
BRACS_1952_PB_4,PB
BRACS_1247_DCIS_20,DCIS
BRACS_1253_PB_5,PB
BRACS_1862_FEA_1,FEA
BRACS_1247_DCIS_28,DCIS
BRACS_1594_PB_7,PB
BRACS_1231_PB_34,PB
BRACS_1594_PB_6,PB
BRACS_747_FEA_45,FEA
BRACS_1497_ADH_9,ADH
BRACS_1637_ADH_20,ADH
BRACS_1272_UDH_32,UDH
BRACS_292_IC_22,IC
BRACS_1338_PB_2,PB
BRACS_1238_UDH_30,UDH
BRACS_1771_FEA_27,FEA
BRACS_743_PB_25,PB
BRACS_748_DCIS_50,DCIS
BRACS_1641_N_1,N
BRACS_281_IC_44,IC
BRACS_286_DCIS_19,DCIS
BRACS_1771_FEA_63,FEA
BRACS_1810_FEA_51,FEA
BRACS_1808_FEA_56,FEA
BRACS_773_IC_1,IC
BRACS_734_N_44,N
BRACS_1950_ADH_6,ADH
BRACS_1779_PB_3,PB
BRACS_295_DCIS_28,DCIS
BRACS_1877_ADH_18,ADH
BRACS_1272_ADH_28,ADH
BRACS_1862_FEA_6,FEA
BRACS_1946_PB_5,PB
BRACS_1795_FEA_23,FEA
BRACS_761_N_4,N
BRACS_1808_FEA_59,FEA
BRACS_1595_PB_5,PB
BRACS_1815_FEA_3,FEA
BRACS_1238_PB_53,PB
BRACS_1943_FEA_18,FEA
BRACS_1808_FEA_84,FEA
BRACS_734_DCIS_9,DCIS
BRACS_288_IC_1,IC
BRACS_1932_UDH_2,UDH
BRACS_1944_UDH_1,UDH
BRACS_1231_UDH_15,UDH
BRACS_1238_DCIS_37,DCIS
BRACS_1911_ADH_7,ADH
BRACS_748_DCIS_64,DCIS
BRACS_295_IC_50,IC
BRACS_1320_PB_12,PB
BRACS_1496_PB_20,PB
BRACS_297_IC_22,IC
BRACS_752_DCIS_13,DCIS
BRACS_773_DCIS_84,DCIS
BRACS_1930_DCIS_2,DCIS
BRACS_1930_DCIS_8,DCIS
BRACS_755_ADH_15,ADH
BRACS_1494_ADH_26,ADH
BRACS_1640_N_9,N
BRACS_1272_ADH_31,ADH
BRACS_297_N_11,N
BRACS_1409_UDH_3,UDH
BRACS_1788_UDH_2,UDH
BRACS_265_N_3,N
BRACS_753_IC_34,IC
BRACS_773_IC_118,IC
BRACS_1509_DCIS_16,DCIS
BRACS_1289_IC_1,IC
BRACS_1247_DCIS_16,DCIS
BRACS_748_DCIS_27,DCIS
BRACS_1265_IC_5,IC
BRACS_1771_FEA_18,FEA
BRACS_1772_PB_1,PB
BRACS_1808_FEA_53,FEA
BRACS_1902_PB_5,PB
BRACS_1231_UDH_1,UDH
BRACS_1494_UDH_31,UDH
BRACS_1808_FEA_78,FEA
BRACS_734_ADH_101,ADH
BRACS_750_DCIS_37,DCIS
BRACS_755_ADH_1,ADH
BRACS_1238_PB_4,PB
BRACS_1771_FEA_93,FEA
BRACS_1320_PB_15,PB
BRACS_1933_UDH_3,UDH
BRACS_1512_DCIS_1,DCIS
BRACS_1771_DCIS_80,DCIS
BRACS_265_UDH_14,UDH
BRACS_1478_ADH_38,ADH
BRACS_1265_IC_4,IC
BRACS_1325_PB_9,PB
BRACS_295_DCIS_44,DCIS
BRACS_1893_PB_3,PB
BRACS_1503_UDH_8,UDH
BRACS_280_N_18,N
BRACS_1238_UDH_23,UDH
BRACS_1941_FEA_3,FEA
BRACS_281_N_45,N
BRACS_1231_PB_19,PB
BRACS_755_ADH_27,ADH
BRACS_292_N_2,N
BRACS_1242_PB_2,PB
BRACS_301_IC_6,IC
BRACS_1808_FEA_58,FEA
BRACS_747_FEA_43,FEA
BRACS_1808_FEA_86,FEA
BRACS_301_IC_7,IC
BRACS_286_IC_24,IC
BRACS_1950_FEA_15,FEA
BRACS_1494_UDH_41,UDH
BRACS_1771_FEA_64,FEA
BRACS_1808_FEA_38,FEA
BRACS_1953_ADH_3,ADH
BRACS_1848_UDH_2,UDH
BRACS_750_ADH_8,ADH
BRACS_1247_DCIS_37,DCIS
BRACS_736_DCIS_1,DCIS
BRACS_1496_ADH_22,ADH
BRACS_734_ADH_13,ADH
BRACS_281_ADH_4,ADH
BRACS_753_DCIS_28,DCIS
BRACS_1946_PB_14,PB
BRACS_1771_FEA_37,FEA
BRACS_295_IC_24,IC
BRACS_1605_PB_4,PB
BRACS_1808_FEA_64,FEA
BRACS_750_ADH_13,ADH
BRACS_773_IC_119,IC
BRACS_1512_DCIS_22,DCIS
BRACS_1808_ADH_14,ADH
BRACS_281_IC_35,IC
BRACS_286_DCIS_33,DCIS
BRACS_761_N_2,N
BRACS_1330_PB_4,PB
BRACS_1247_DCIS_26,DCIS
BRACS_295_IC_60,IC
BRACS_754_DCIS_44,DCIS
BRACS_734_ADH_12,ADH
BRACS_1811_UDH_8,UDH
BRACS_1788_UDH_4,UDH
BRACS_773_IC_103,IC
BRACS_1862_N_12,N
BRACS_748_DCIS_59,DCIS
BRACS_1231_N_28,N
BRACS_1231_UDH_26,UDH
BRACS_1810_FEA_10,FEA
BRACS_1811_UDH_10,UDH
BRACS_1272_ADH_5,ADH
BRACS_1584_N_1,N
BRACS_1953_UDH_2,UDH
BRACS_748_DCIS_78,DCIS
BRACS_745_PB_17,PB
BRACS_264_N_6,N
BRACS_747_IC_18,IC
BRACS_281_N_31,N
BRACS_752_DCIS_38,DCIS
BRACS_1808_FEA_50,FEA
BRACS_1231_N_52,N
BRACS_1487_UDH_32,UDH
BRACS_1235_N_12,N
BRACS_283_IC_9,IC
BRACS_1605_PB_2,PB
BRACS_1238_ADH_7,ADH
BRACS_298_IC_2,IC
BRACS_1808_FEA_69,FEA
BRACS_1496_UDH_45,UDH
BRACS_750_DCIS_28,DCIS
BRACS_1238_DCIS_48,DCIS
BRACS_1640_N_2,N
BRACS_1585_N_1,N
BRACS_755_ADH_22,ADH
BRACS_754_DCIS_10,DCIS
BRACS_1487_ADH_37,ADH
BRACS_1953_FEA_11,FEA
BRACS_1945_FEA_17,FEA
BRACS_283_IC_45,IC
BRACS_773_IC_108,IC
BRACS_747_FEA_65,FEA
BRACS_1594_N_5,N
BRACS_754_DCIS_43,DCIS
BRACS_283_IC_39,IC
BRACS_760_N_7,N
BRACS_1943_FEA_19,FEA
BRACS_1811_ADH_32,ADH
BRACS_301_IC_4,IC
BRACS_281_N_5,N
BRACS_1855_PB_1,PB
BRACS_1606_UDH_12,UDH
BRACS_747_PB_14,PB
BRACS_1235_PB_10,PB
BRACS_300_N_9,N
BRACS_283_N_18,N
BRACS_1510_FEA_19,FEA
BRACS_773_IC_23,IC
BRACS_1487_DCIS_27,DCIS
BRACS_264_N_7,N
BRACS_1779_PB_6,PB
BRACS_1938_UDH_4,UDH
BRACS_1247_DCIS_4,DCIS
BRACS_1512_DCIS_13,DCIS
BRACS_1811_ADH_27,ADH
BRACS_1235_PB_16,PB
BRACS_1251_PB_5,PB
BRACS_1795_FEA_44,FEA
BRACS_754_DCIS_28,DCIS
BRACS_1808_FEA_74,FEA
BRACS_1950_FEA_24,FEA
BRACS_1494_ADH_23,ADH
BRACS_1914_PB_3,PB
BRACS_1272_ADH_8,ADH
BRACS_265_N_13,N
BRACS_748_DCIS_44,DCIS
BRACS_1808_FEA_1,FEA
BRACS_280_N_12,N
BRACS_743_PB_9,PB
BRACS_1808_FEA_3,FEA
BRACS_1582_PB_1,PB
BRACS_748_IC_75,IC
BRACS_1901_PB_8,PB
BRACS_1871_FEA_2,FEA
BRACS_1789_PB_3,PB
BRACS_1509_DCIS_3,DCIS
BRACS_734_N_19,N
BRACS_1320_PB_1,PB
BRACS_1603_PB_10,PB
BRACS_1811_FEA_1,FEA
BRACS_1810_ADH_16,ADH
BRACS_1247_DCIS_39,DCIS
BRACS_297_IC_25,IC
BRACS_1944_FEA_2,FEA
BRACS_281_IC_2,IC
BRACS_1247_DCIS_33,DCIS
BRACS_773_IC_16,IC
BRACS_1595_UDH_12,UDH
BRACS_1235_PB_7,PB
BRACS_1810_FEA_23,FEA
BRACS_292_DCIS_10,DCIS
BRACS_747_FEA_29,FEA
BRACS_755_ADH_31,ADH
BRACS_1647_IC_3,IC
BRACS_1808_FEA_26,FEA
BRACS_1250_PB_3,PB
BRACS_1808_FEA_29,FEA
BRACS_1509_DCIS_1,DCIS
BRACS_1787_UDH_1,UDH
BRACS_773_IC_49,IC
BRACS_1815_FEA_6,FEA
BRACS_747_ADH_2,ADH
BRACS_760_N_18,N
BRACS_734_ADH_54,ADH
BRACS_1494_UDH_53,UDH
BRACS_292_ADH_17,ADH
BRACS_1811_FEA_35,FEA
BRACS_295_IC_23,IC
BRACS_311_FEA_57,FEA
BRACS_280_N_7,N
BRACS_1272_ADH_13,ADH
BRACS_750_DCIS_17,DCIS
BRACS_1901_PB_6,PB
BRACS_734_ADH_73,ADH
BRACS_1864_FEA_6,FEA
BRACS_1235_PB_5,PB
BRACS_760_N_3,N
BRACS_1771_FEA_99,FEA
BRACS_1478_ADH_25,ADH
BRACS_1772_PB_6,PB
BRACS_1808_ADH_63,ADH
BRACS_1496_UDH_48,UDH
BRACS_1810_ADH_48,ADH
BRACS_1810_FEA_29,FEA
BRACS_1808_FEA_54,FEA
BRACS_1231_UDH_2,UDH
BRACS_1497_UDH_4,UDH
BRACS_311_DCIS_75,DCIS
BRACS_1238_PB_52,PB
BRACS_1509_DCIS_22,DCIS
BRACS_1512_DCIS_24,DCIS
BRACS_283_DCIS_25,DCIS
BRACS_748_DCIS_65,DCIS
BRACS_1646_IC_5,IC
BRACS_747_FEA_39,FEA
BRACS_1771_FEA_76,FEA
BRACS_264_PB_23,PB
BRACS_748_IC_66,IC
BRACS_757_IC_1,IC
BRACS_1900_PB_3,PB
BRACS_1886_N_5,N
BRACS_1272_PB_9,PB
BRACS_1231_PB_7,PB
BRACS_1771_FEA_82,FEA
BRACS_1253_PB_2,PB
BRACS_1609_UDH_1,UDH
BRACS_748_DCIS_10,DCIS
BRACS_1646_IC_14,IC
BRACS_754_IC_19,IC
BRACS_1877_ADH_9,ADH
BRACS_1487_ADH_5,ADH
BRACS_1320_PB_18,PB
BRACS_283_N_3,N
BRACS_297_N_31,N
BRACS_734_FEA_35,FEA
BRACS_753_DCIS_41,DCIS
BRACS_1238_UDH_11,UDH
BRACS_1795_FEA_15,FEA
BRACS_1771_FEA_68,FEA
BRACS_734_ADH_52,ADH
BRACS_752_DCIS_4,DCIS
BRACS_1272_UDH_21,UDH
BRACS_1637_ADH_14,ADH
BRACS_734_FEA_4,FEA
BRACS_1641_N_4,N
BRACS_1811_FEA_34,FEA
BRACS_1606_PB_6,PB
BRACS_264_PB_20,PB
BRACS_1912_UDH_6,UDH
BRACS_1877_FEA_12,FEA
BRACS_1795_FEA_41,FEA
BRACS_1503_UDH_15,UDH
BRACS_1811_ADH_31,ADH
BRACS_280_IC_5,IC
BRACS_748_DCIS_7,DCIS
BRACS_773_IC_50,IC
BRACS_1646_IC_12,IC
BRACS_1587_IC_3,IC
BRACS_1496_UDH_14,UDH
BRACS_1595_PB_9,PB
BRACS_1912_ADH_7,ADH
BRACS_1637_DCIS_17,DCIS
BRACS_747_IC_19,IC
BRACS_288_N_11,N
BRACS_1896_N_2,N
BRACS_1865_FEA_4,FEA
BRACS_1811_ADH_15,ADH
BRACS_292_DCIS_21,DCIS
BRACS_1837_UDH_1,UDH
BRACS_1862_FEA_13,FEA
BRACS_1601_N_1,N
BRACS_755_ADH_3,ADH
BRACS_1943_FEA_14,FEA
BRACS_1320_PB_13,PB
BRACS_288_N_13,N
BRACS_755_DCIS_28,DCIS
BRACS_1605_PB_11,PB
BRACS_1235_IC_38,IC
BRACS_1946_UDH_1,UDH
BRACS_1810_ADH_20,ADH
BRACS_1253_PB_4,PB
BRACS_748_DCIS_77,DCIS
BRACS_1612_PB_8,PB
BRACS_1235_PB_21,PB
BRACS_1952_PB_6,PB
BRACS_1238_DCIS_15,DCIS
BRACS_297_IC_21,IC
BRACS_1509_DCIS_15,DCIS
BRACS_1838_FEA_5,FEA
BRACS_280_N_17,N
BRACS_286_ADH_29,ADH
BRACS_1487_FEA_33,FEA
BRACS_1771_FEA_48,FEA
BRACS_1773_FEA_3,FEA
BRACS_295_DCIS_4,DCIS
BRACS_1231_N_61,N
BRACS_1771_FEA_3,FEA
BRACS_773_IC_104,IC
BRACS_748_DCIS_42,DCIS
BRACS_1603_PB_5,PB
BRACS_1491_DCIS_7,DCIS
BRACS_1863_FEA_1,FEA
BRACS_265_N_9,N
BRACS_1864_ADH_18,ADH
BRACS_1487_IC_34,IC
BRACS_1635_IC_2,IC
BRACS_1491_DCIS_10,DCIS
BRACS_283_N_35,N
BRACS_1810_FEA_43,FEA
BRACS_1511_N_2,N
BRACS_749_N_14,N
BRACS_300_N_14,N
BRACS_1596_UDH_2,UDH
BRACS_297_N_6,N
BRACS_1508_N_2,N
BRACS_1862_FEA_10,FEA
BRACS_748_DCIS_85,DCIS
BRACS_753_ADH_40,ADH
BRACS_754_IC_14,IC
BRACS_283_N_13,N
BRACS_1782_UDH_7,UDH
BRACS_1231_UDH_23,UDH
BRACS_1238_ADH_36,ADH
BRACS_1272_PB_46,PB
BRACS_311_FEA_17,FEA
BRACS_281_N_16,N
BRACS_1865_FEA_8,FEA
BRACS_1795_FEA_63,FEA
BRACS_756_IC_10,IC
BRACS_754_DCIS_6,DCIS
BRACS_748_DCIS_57,DCIS
BRACS_1319_PB_6,PB
BRACS_295_DCIS_14,DCIS
BRACS_1595_PB_4,PB
BRACS_1945_N_6,N
BRACS_734_FEA_47,FEA
BRACS_1247_DCIS_45,DCIS
BRACS_748_DCIS_14,DCIS
BRACS_1893_PB_1,PB
BRACS_301_IC_18,IC
BRACS_748_DCIS_26,DCIS
BRACS_1478_DCIS_13,DCIS
BRACS_297_IC_5,IC
BRACS_773_IC_96,IC
BRACS_750_ADH_31,ADH
BRACS_1771_FEA_85,FEA
BRACS_1329_PB_4,PB
BRACS_1238_PB_13,PB
BRACS_1272_ADH_23,ADH
BRACS_297_IC_17,IC
BRACS_1494_UDH_19,UDH
BRACS_301_N_3,N
BRACS_295_IC_9,IC
BRACS_734_ADH_98,ADH
BRACS_1510_FEA_1,FEA
BRACS_1231_N_51,N
BRACS_1494_ADH_46,ADH
BRACS_1497_UDH_11,UDH
BRACS_1231_PB_20,PB
BRACS_1774_FEA_7,FEA
BRACS_1808_FEA_71,FEA
BRACS_1795_FEA_36,FEA
BRACS_1946_PB_15,PB
BRACS_1938_FEA_3,FEA
BRACS_1912_ADH_8,ADH
BRACS_311_FEA_73,FEA
BRACS_1279_PB_3,PB
BRACS_734_ADH_58,ADH
BRACS_756_DCIS_4,DCIS
BRACS_1634_N_1,N
BRACS_773_IC_24,IC
BRACS_1257_PB_2,PB
BRACS_1491_DCIS_2,DCIS
BRACS_1494_UDH_35,UDH
BRACS_264_N_12,N
BRACS_1496_UDH_3,UDH
BRACS_773_DCIS_105,DCIS
BRACS_283_DCIS_11,DCIS
BRACS_1953_FEA_4,FEA
BRACS_1324_PB_2,PB
BRACS_773_DCIS_87,DCIS
BRACS_281_N_40,N
BRACS_1272_UDH_12,UDH
BRACS_1780_PB_12,PB
BRACS_1863_ADH_6,ADH
BRACS_1782_UDH_3,UDH
BRACS_736_DCIS_10,DCIS
BRACS_1238_ADH_57,ADH
BRACS_1791_UDH_11,UDH
BRACS_1938_FEA_8,FEA
BRACS_734_FEA_60,FEA
BRACS_1808_FEA_5,FEA
BRACS_748_DCIS_95,DCIS
BRACS_1808_FEA_43,FEA
BRACS_773_IC_90,IC
BRACS_1356_IC_4,IC
BRACS_311_FEA_11,FEA
BRACS_1239_PB_5,PB
BRACS_295_DCIS_53,DCIS
BRACS_1233_IC_5,IC
BRACS_1510_FEA_23,FEA
BRACS_1930_DCIS_3,DCIS
BRACS_748_DCIS_62,DCIS
BRACS_1788_UDH_1,UDH
BRACS_1941_PB_8,PB
BRACS_1877_FEA_19,FEA
BRACS_752_DCIS_21,DCIS
BRACS_288_N_4,N
BRACS_1808_FEA_12,FEA
BRACS_1814_FEA_1,FEA
BRACS_1336_PB_5,PB
BRACS_773_IC_107,IC
BRACS_1320_PB_7,PB
BRACS_281_N_10,N
BRACS_1496_ADH_38,ADH
BRACS_1901_PB_10,PB
BRACS_1494_UDH_40,UDH
BRACS_1496_ADH_42,ADH
BRACS_1771_FEA_50,FEA
BRACS_1773_UDH_16,UDH
BRACS_1912_ADH_3,ADH
BRACS_292_DCIS_11,DCIS
BRACS_1946_PB_11,PB
BRACS_1771_FEA_71,FEA
BRACS_1605_PB_5,PB
BRACS_1242_PB_5,PB
BRACS_1485_N_7,N
BRACS_734_ADH_49,ADH
BRACS_1503_PB_7,PB
BRACS_1862_FEA_14,FEA
BRACS_281_ADH_3,ADH
BRACS_1774_FEA_8,FEA
BRACS_1238_ADH_6,ADH
BRACS_754_ADH_20,ADH
BRACS_1637_IC_3,IC
BRACS_300_N_5,N
BRACS_1917_PB_3,PB
BRACS_773_DCIS_11,DCIS
BRACS_1272_IC_20,IC
BRACS_1478_ADH_32,ADH
BRACS_1240_PB_6,PB
BRACS_1795_FEA_37,FEA
BRACS_283_IC_47,IC
BRACS_1487_DCIS_11,DCIS
BRACS_1938_FEA_1,FEA
BRACS_286_DCIS_11,DCIS
BRACS_1808_FEA_39,FEA
BRACS_1779_PB_1,PB
BRACS_1231_UDH_36,UDH
BRACS_747_ADH_47,ADH
BRACS_1494_ADH_5,ADH
BRACS_1950_ADH_5,ADH
BRACS_734_N_24,N
BRACS_750_DCIS_25,DCIS
BRACS_734_ADH_83,ADH
BRACS_283_IC_20,IC
BRACS_1771_FEA_75,FEA
BRACS_1494_UDH_44,UDH
BRACS_311_IC_79,IC
BRACS_1771_FEA_11,FEA
BRACS_1272_UDH_39,UDH
BRACS_734_ADH_48,ADH
BRACS_283_N_12,N
BRACS_1810_ADH_22,ADH
BRACS_264_N_24,N
BRACS_1810_ADH_40,ADH
BRACS_734_ADH_92,ADH
BRACS_1779_PB_15,PB
BRACS_281_IC_36,IC
BRACS_773_IC_36,IC
BRACS_1808_ADH_82,ADH
BRACS_1503_UDH_6,UDH
BRACS_1240_PB_5,PB
BRACS_1886_PB_8,PB
BRACS_1235_N_42,N
BRACS_1247_DCIS_23,DCIS
BRACS_1916_PB_7,PB
BRACS_1247_DCIS_11,DCIS
BRACS_1487_ADH_12,ADH
BRACS_743_PB_26,PB
BRACS_743_PB_13,PB
BRACS_773_DCIS_6,DCIS
BRACS_1255_PB_1,PB
BRACS_1953_FEA_5,FEA
BRACS_748_DCIS_81,DCIS
BRACS_1810_ADH_32,ADH
BRACS_1772_PB_2,PB
BRACS_1609_UDH_4,UDH
BRACS_281_N_30,N
BRACS_753_DCIS_20,DCIS
BRACS_1322_PB_5,PB
BRACS_1238_PB_55,PB
BRACS_1788_PB_3,PB
BRACS_1325_N_7,N
BRACS_1912_UDH_2,UDH
BRACS_1774_FEA_10,FEA
BRACS_1289_IC_8,IC
BRACS_1886_PB_10,PB
BRACS_297_N_3,N
BRACS_1336_PB_2,PB
BRACS_734_ADH_30,ADH
BRACS_1930_ADH_15,ADH
BRACS_1953_FEA_9,FEA
BRACS_734_ADH_87,ADH
BRACS_773_IC_3,IC
BRACS_1886_N_4,N
BRACS_748_DCIS_29,DCIS
BRACS_1950_FEA_13,FEA
BRACS_1771_FEA_52,FEA
BRACS_1950_FEA_12,FEA
BRACS_754_IC_11,IC
BRACS_311_DCIS_70,DCIS
BRACS_760_N_15,N
BRACS_1494_UDH_3,UDH
BRACS_1231_N_10,N
BRACS_748_DCIS_17,DCIS
BRACS_760_N_14,N
BRACS_1771_FEA_59,FEA
BRACS_295_DCIS_58,DCIS
BRACS_1808_ADH_66,ADH
BRACS_1272_ADH_27,ADH
BRACS_1918_UDH_11,UDH
BRACS_1606_UDH_4,UDH
BRACS_1647_IC_12,IC
BRACS_752_ADH_40,ADH
BRACS_1247_DCIS_18,DCIS
BRACS_754_DCIS_46,DCIS
BRACS_264_N_22,N
BRACS_1811_FEA_18,FEA
BRACS_1231_UDH_42,UDH
BRACS_1637_IC_6,IC
BRACS_753_DCIS_14,DCIS
BRACS_1871_FEA_1,FEA
BRACS_773_IC_7,IC
BRACS_1811_ADH_16,ADH
BRACS_1487_FEA_26,FEA
BRACS_295_DCIS_25,DCIS
BRACS_281_ADH_33,ADH
BRACS_1810_ADH_49,ADH
BRACS_1610_UDH_9,UDH
BRACS_1238_ADH_31,ADH
BRACS_1510_FEA_4,FEA
BRACS_760_N_2,N
BRACS_286_DCIS_18,DCIS
BRACS_1494_UDH_12,UDH
BRACS_773_DCIS_4,DCIS
BRACS_748_DCIS_12,DCIS
BRACS_1605_PB_20,PB
BRACS_1338_PB_3,PB
BRACS_734_ADH_63,ADH
BRACS_1512_DCIS_6,DCIS
BRACS_1936_PB_1,PB
BRACS_753_ADH_6,ADH
BRACS_1855_PB_2,PB
BRACS_286_UDH_34,UDH
BRACS_297_IC_18,IC
BRACS_1606_PB_2,PB
BRACS_734_IC_99,IC
BRACS_1640_N_4,N
BRACS_752_ADH_39,ADH
BRACS_773_DCIS_97,DCIS
BRACS_1591_UDH_3,UDH
BRACS_734_ADH_93,ADH
BRACS_748_DCIS_68,DCIS
BRACS_747_FEA_60,FEA
BRACS_1950_ADH_3,ADH
BRACS_773_IC_92,IC
BRACS_1594_UDH_3,UDH
BRACS_1231_PB_17,PB
BRACS_1635_IC_3,IC
BRACS_295_DCIS_19,DCIS
BRACS_1862_ADH_11,ADH
BRACS_1911_ADH_2,ADH
BRACS_311_DCIS_30,DCIS
BRACS_265_N_7,N
BRACS_1235_UDH_28,UDH
BRACS_283_DCIS_36,DCIS
BRACS_1247_DCIS_2,DCIS
BRACS_1779_PB_5,PB
BRACS_1409_UDH_1,UDH
BRACS_1912_ADH_5,ADH
BRACS_1862_FEA_16,FEA
BRACS_1772_PB_7,PB
BRACS_1235_PB_26,PB
BRACS_1603_PB_4,PB
BRACS_1795_FEA_31,FEA
BRACS_1771_FEA_79,FEA
BRACS_1509_DCIS_5,DCIS
BRACS_1250_PB_4,PB
BRACS_1235_PB_20,PB
BRACS_283_N_10,N
BRACS_773_IC_72,IC
BRACS_752_DCIS_18,DCIS
BRACS_1949_UDH_2,UDH
BRACS_1319_PB_12,PB
BRACS_754_IC_48,IC
BRACS_754_DCIS_12,DCIS
BRACS_1320_PB_4,PB
BRACS_1336_PB_4,PB
BRACS_773_DCIS_53,DCIS
BRACS_1795_FEA_24,FEA
BRACS_773_IC_116,IC
BRACS_752_DCIS_5,DCIS
BRACS_1494_UDH_39,UDH
BRACS_1496_ADH_1,ADH
BRACS_311_DCIS_35,DCIS
BRACS_1491_DCIS_31,DCIS
BRACS_750_ADH_36,ADH
BRACS_1610_PB_10,PB
BRACS_1771_FEA_34,FEA
BRACS_1791_PB_5,PB
BRACS_758_N_1,N
BRACS_747_ADH_12,ADH
BRACS_748_DCIS_80,DCIS
BRACS_1945_FEA_14,FEA
BRACS_1808_FEA_62,FEA
BRACS_1771_FEA_38,FEA
BRACS_1510_FEA_9,FEA
BRACS_1272_UDH_44,UDH
BRACS_311_FEA_42,FEA
BRACS_295_DCIS_57,DCIS
BRACS_1952_PB_3,PB
BRACS_753_DCIS_43,DCIS
BRACS_1608_N_4,N
BRACS_1641_N_2,N
BRACS_1325_N_1,N
BRACS_1771_FEA_86,FEA
BRACS_1810_FEA_50,FEA
BRACS_760_N_17,N
BRACS_748_DCIS_2,DCIS
BRACS_292_IC_20,IC
BRACS_300_FEA_1,FEA
BRACS_747_UDH_55,UDH
BRACS_1289_IC_7,IC
BRACS_1811_FEA_33,FEA
BRACS_301_IC_11,IC
BRACS_311_IC_36,IC
BRACS_749_IC_13,IC
BRACS_755_ADH_26,ADH
BRACS_1605_PB_3,PB
BRACS_1247_DCIS_19,DCIS
BRACS_1610_PB_8,PB
BRACS_1791_UDH_4,UDH
BRACS_1901_PB_4,PB
BRACS_311_IC_15,IC
BRACS_1319_PB_18,PB
BRACS_734_N_32,N
BRACS_1786_UDH_4,UDH
BRACS_1885_UDH_2,UDH
BRACS_1239_PB_4,PB
BRACS_1771_FEA_33,FEA
BRACS_743_PB_12,PB
BRACS_1930_DCIS_11,DCIS
BRACS_311_DCIS_39,DCIS
BRACS_1876_FEA_1,FEA
BRACS_1795_FEA_48,FEA
BRACS_1857_N_2,N
BRACS_1771_FEA_55,FEA
BRACS_1877_UDH_17,UDH
BRACS_1808_FEA_68,FEA
BRACS_1497_UDH_21,UDH
BRACS_1255_PB_3,PB
BRACS_1773_FEA_11,FEA
BRACS_748_DCIS_56,DCIS
BRACS_748_DCIS_25,DCIS
BRACS_1272_ADH_17,ADH
BRACS_1238_ADH_22,ADH
BRACS_1496_UDH_26,UDH
BRACS_1811_ADH_30,ADH
BRACS_1808_FEA_85,FEA
BRACS_1496_ADH_21,ADH
BRACS_1497_ADH_15,ADH
BRACS_1945_N_16,N
BRACS_1771_FEA_54,FEA
BRACS_1771_FEA_5,FEA
BRACS_1637_DCIS_11,DCIS
BRACS_297_IC_24,IC
BRACS_1771_FEA_22,FEA
BRACS_754_DCIS_50,DCIS
BRACS_1811_DCIS_36,DCIS
BRACS_1235_N_9,N
BRACS_1635_IC_9,IC
BRACS_286_N_32,N
BRACS_1945_DCIS_8,DCIS
BRACS_292_N_12,N
BRACS_734_ADH_5,ADH
BRACS_301_IC_13,IC
BRACS_283_DCIS_4,DCIS
BRACS_734_ADH_79,ADH
BRACS_1943_FEA_23,FEA
BRACS_1231_PB_33,PB
BRACS_736_N_5,N
BRACS_1319_PB_5,PB
BRACS_1357_IC_3,IC
BRACS_1605_PB_6,PB
BRACS_1771_FEA_7,FEA
BRACS_1231_PB_57,PB
BRACS_1357_IC_2,IC
BRACS_295_IC_7,IC
BRACS_1943_FEA_11,FEA
BRACS_1771_FEA_6,FEA
BRACS_1945_N_20,N
BRACS_1866_PB_3,PB
BRACS_1901_PB_9,PB
BRACS_1325_N_13,N
BRACS_298_IC_6,IC
BRACS_1593_N_4,N
BRACS_1950_FEA_19,FEA
BRACS_1497_UDH_3,UDH
BRACS_301_IC_17,IC
BRACS_1272_IC_25,IC
BRACS_1938_FEA_7,FEA
BRACS_1771_FEA_49,FEA
BRACS_1512_DCIS_15,DCIS
BRACS_750_DCIS_2,DCIS
BRACS_773_DCIS_69,DCIS
BRACS_734_ADH_88,ADH
BRACS_754_DCIS_18,DCIS
BRACS_1795_FEA_40,FEA
BRACS_752_ADH_32,ADH
BRACS_750_ADH_21,ADH
BRACS_1325_PB_12,PB
BRACS_311_DCIS_64,DCIS
BRACS_1945_N_9,N
BRACS_1247_DCIS_44,DCIS
BRACS_1890_PB_9,PB
BRACS_292_N_5,N
BRACS_734_ADH_38,ADH
BRACS_773_IC_29,IC
BRACS_1590_DCIS_2,DCIS
BRACS_1289_IC_4,IC
BRACS_1870_PB_2,PB
BRACS_1808_FEA_40,FEA
BRACS_311_FEA_54,FEA
BRACS_1485_N_2,N
BRACS_745_PB_21,PB
BRACS_1259_PB_4,PB
BRACS_1877_UDH_10,UDH
BRACS_264_N_18,N
BRACS_1265_IC_8,IC
BRACS_1478_ADH_19,ADH
BRACS_1795_FEA_22,FEA
BRACS_754_FEA_27,FEA
BRACS_1231_UDH_21,UDH
BRACS_288_N_2,N
BRACS_280_N_13,N
BRACS_1810_FEA_60,FEA
BRACS_288_N_9,N
BRACS_1902_PB_8,PB
BRACS_1877_FEA_22,FEA
BRACS_1591_N_6,N
BRACS_1486_PB_10,PB
BRACS_1810_ADH_67,ADH
BRACS_754_DCIS_45,DCIS
BRACS_288_IC_6,IC
BRACS_1591_UDH_2,UDH
BRACS_311_IC_1,IC
BRACS_748_DCIS_15,DCIS
BRACS_1945_FEA_10,FEA
BRACS_747_FEA_40,FEA
BRACS_734_FEA_22,FEA
BRACS_1950_ADH_32,ADH
BRACS_1496_UDH_5,UDH
BRACS_1238_UDH_14,UDH
BRACS_295_IC_55,IC
BRACS_1497_UDH_17,UDH
BRACS_1808_FEA_91,FEA
BRACS_1930_DCIS_17,DCIS
BRACS_1791_UDH_10,UDH
BRACS_1941_FEA_18,FEA
BRACS_295_DCIS_15,DCIS
BRACS_1808_FEA_15,FEA
BRACS_1509_DCIS_23,DCIS
BRACS_1494_UDH_14,UDH
BRACS_1810_FEA_62,FEA
BRACS_752_DCIS_17,DCIS
BRACS_1235_PB_41,PB
BRACS_281_IC_43,IC
BRACS_1494_UDH_50,UDH
BRACS_1904_N_2,N
BRACS_1272_UDH_38,UDH
BRACS_1357_IC_1,IC
BRACS_747_FEA_48,FEA
BRACS_1808_ADH_21,ADH
BRACS_264_N_17,N
BRACS_752_ADH_35,ADH
BRACS_311_DCIS_3,DCIS
BRACS_1933_PB_16,PB
BRACS_1918_N_6,N
BRACS_773_N_33,N
BRACS_1808_FEA_27,FEA
BRACS_1485_N_4,N
BRACS_311_DCIS_61,DCIS
BRACS_1916_PB_1,PB
BRACS_1512_DCIS_18,DCIS
BRACS_1279_IC_1,IC
BRACS_1510_PB_13,PB
BRACS_1791_UDH_9,UDH
BRACS_1936_N_4,N
BRACS_1647_IC_10,IC
BRACS_1409_UDH_11,UDH
BRACS_773_DCIS_61,DCIS
BRACS_760_N_13,N
BRACS_1478_IC_23,IC
BRACS_760_N_4,N
BRACS_283_N_6,N
BRACS_295_IC_37,IC
BRACS_295_IC_16,IC
BRACS_748_DCIS_87,DCIS
BRACS_1647_IC_6,IC
BRACS_1811_UDH_7,UDH
BRACS_773_IC_88,IC
BRACS_1944_FEA_5,FEA
BRACS_1795_FEA_29,FEA
BRACS_1637_ADH_5,ADH
BRACS_1238_UDH_43,UDH
BRACS_1609_UDH_3,UDH
BRACS_281_N_34,N
BRACS_1503_UDH_14,UDH
BRACS_1509_ADH_2,ADH
BRACS_748_DCIS_91,DCIS
BRACS_311_DCIS_52,DCIS
BRACS_311_FEA_59,FEA
BRACS_755_ADH_9,ADH
BRACS_1886_N_7,N
BRACS_1943_FEA_21,FEA
BRACS_1864_FEA_14,FEA
BRACS_1325_N_8,N
BRACS_1606_PB_11,PB
BRACS_1771_FEA_60,FEA
BRACS_1771_FEA_28,FEA
BRACS_1771_FEA_70,FEA
BRACS_736_N_6,N
BRACS_752_ADH_29,ADH
BRACS_1487_FEA_15,FEA
BRACS_773_DCIS_70,DCIS
BRACS_1272_UDH_6,UDH
BRACS_1918_UDH_5,UDH
BRACS_1771_FEA_65,FEA
BRACS_1941_FEA_9,FEA
BRACS_1808_FEA_19,FEA
BRACS_1648_IC_1,IC
BRACS_1497_UDH_2,UDH
BRACS_756_IC_11,IC
BRACS_1235_PB_37,PB
BRACS_1864_N_19,N
BRACS_773_IC_73,IC
BRACS_1795_ADH_60,ADH
BRACS_734_ADH_74,ADH
BRACS_1890_PB_8,PB
BRACS_1231_UDH_53,UDH
BRACS_311_DCIS_44,DCIS
BRACS_1772_PB_4,PB
BRACS_1503_UDH_1,UDH
BRACS_1779_PB_12,PB
BRACS_773_IC_17,IC
BRACS_747_ADH_46,ADH
BRACS_1902_PB_2,PB
BRACS_1933_N_1,N
BRACS_1808_FEA_13,FEA
BRACS_734_ADH_62,ADH
BRACS_1810_FEA_38,FEA
BRACS_1512_DCIS_19,DCIS
BRACS_297_N_19,N
BRACS_734_ADH_1,ADH
BRACS_1637_DCIS_8,DCIS
BRACS_1864_FEA_9,FEA
BRACS_773_IC_86,IC
BRACS_1795_FEA_18,FEA
BRACS_1595_UDH_10,UDH
BRACS_1848_UDH_1,UDH
BRACS_760_N_6,N
BRACS_1810_FEA_25,FEA
BRACS_1774_FEA_3,FEA
BRACS_311_DCIS_10,DCIS
BRACS_1496_UDH_34,UDH
BRACS_1786_UDH_3,UDH
BRACS_295_DCIS_32,DCIS
BRACS_1810_FEA_24,FEA
BRACS_773_IC_54,IC
BRACS_760_N_1,N
BRACS_748_IC_89,IC
BRACS_1864_FEA_13,FEA
BRACS_301_IC_15,IC
BRACS_300_N_2,N
BRACS_1637_IC_19,IC
BRACS_1793_UDH_2,UDH
BRACS_750_ADH_3,ADH
BRACS_1605_PB_8,PB
BRACS_1235_PB_2,PB
BRACS_1647_IC_5,IC
BRACS_1808_FEA_93,FEA
BRACS_1238_ADH_27,ADH
BRACS_747_N_35,N
BRACS_295_N_26,N
BRACS_1648_IC_3,IC
BRACS_1606_PB_10,PB
BRACS_1865_FEA_9,FEA
BRACS_1795_FEA_14,FEA
BRACS_1941_FEA_7,FEA
BRACS_747_FEA_44,FEA
BRACS_1945_N_11,N
BRACS_1943_FEA_9,FEA
BRACS_1512_DCIS_8,DCIS
BRACS_1509_DCIS_12,DCIS
BRACS_1795_FEA_11,FEA
BRACS_734_ADH_59,ADH
BRACS_311_FEA_48,FEA
BRACS_295_N_6,N
BRACS_1247_DCIS_5,DCIS
BRACS_748_IC_58,IC
BRACS_1231_N_58,N
BRACS_1487_FEA_16,FEA
BRACS_1486_PB_8,PB
BRACS_286_DCIS_15,DCIS
BRACS_1950_ADH_33,ADH
BRACS_773_IC_42,IC
BRACS_1235_PB_40,PB
BRACS_1635_IC_7,IC
BRACS_748_DCIS_38,DCIS
BRACS_283_IC_32,IC
BRACS_1503_UDH_3,UDH
BRACS_773_IC_22,IC
BRACS_1864_FEA_17,FEA
BRACS_1272_UDH_1,UDH
BRACS_1771_FEA_51,FEA
BRACS_298_IC_7,IC
BRACS_1289_IC_3,IC
BRACS_1478_ADH_15,ADH
BRACS_295_DCIS_20,DCIS
BRACS_1238_UDH_58,UDH
BRACS_1871_FEA_5,FEA
BRACS_747_IC_21,IC
BRACS_755_ADH_2,ADH
BRACS_311_DCIS_9,DCIS
BRACS_295_DCIS_52,DCIS
BRACS_748_DCIS_16,DCIS
BRACS_750_ADH_11,ADH
BRACS_286_DCIS_1,DCIS
BRACS_1647_IC_4,IC
BRACS_1235_PB_23,PB
BRACS_1247_DCIS_42,DCIS
BRACS_1231_PB_12,PB
BRACS_1911_ADH_4,ADH
BRACS_300_N_12,N
BRACS_1815_FEA_5,FEA
BRACS_1786_UDH_2,UDH
BRACS_1512_DCIS_10,DCIS
BRACS_1320_PB_2,PB
BRACS_773_IC_89,IC
BRACS_1877_FEA_21,FEA
BRACS_1358_IC_3,IC
BRACS_281_N_28,N
BRACS_1231_PB_44,PB
BRACS_1478_ADH_1,ADH
BRACS_265_N_6,N
BRACS_1496_UDH_10,UDH
BRACS_1930_DCIS_4,DCIS
BRACS_1771_FEA_8,FEA
BRACS_1247_DCIS_17,DCIS
BRACS_1771_FEA_29,FEA
BRACS_1491_DCIS_11,DCIS
BRACS_773_DCIS_39,DCIS
BRACS_1231_PB_37,PB
BRACS_754_DCIS_21,DCIS
BRACS_1635_IC_11,IC
BRACS_1594_N_8,N
BRACS_1771_FEA_19,FEA
BRACS_1265_IC_2,IC
BRACS_1259_PB_5,PB
BRACS_286_DCIS_35,DCIS
BRACS_752_DCIS_34,DCIS
BRACS_1774_FEA_9,FEA
BRACS_1238_PB_3,PB
BRACS_1494_UDH_7,UDH
BRACS_1598_N_1,N
BRACS_749_DCIS_3,DCIS
BRACS_748_DCIS_4,DCIS
BRACS_1480_PB_1,PB
BRACS_1319_PB_13,PB
BRACS_1603_PB_3,PB
BRACS_748_DCIS_86,DCIS
BRACS_1491_DCIS_6,DCIS
BRACS_1635_IC_4,IC
BRACS_283_N_29,N
BRACS_1510_PB_12,PB
BRACS_295_DCIS_29,DCIS
BRACS_1950_FEA_29,FEA
BRACS_1879_PB_3,PB
BRACS_265_N_2,N
BRACS_1858_PB_2,PB
BRACS_1902_PB_1,PB
BRACS_1510_FEA_7,FEA
BRACS_749_IC_10,IC
BRACS_292_DCIS_16,DCIS
BRACS_1238_ADH_10,ADH
BRACS_1491_DCIS_38,DCIS
BRACS_1320_PB_11,PB
BRACS_749_DCIS_12,DCIS
BRACS_1319_PB_9,PB
BRACS_1906_PB_1,PB
BRACS_283_IC_22,IC
BRACS_734_ADH_64,ADH
BRACS_1478_DCIS_21,DCIS
BRACS_1320_PB_6,PB
BRACS_749_IC_4,IC
BRACS_752_DCIS_8,DCIS
BRACS_734_ADH_78,ADH
BRACS_1795_FEA_13,FEA
BRACS_1795_FEA_58,FEA
BRACS_1238_PB_21,PB
BRACS_1255_PB_2,PB
BRACS_1240_PB_2,PB
BRACS_297_IC_12,IC
BRACS_1864_FEA_11,FEA
BRACS_1610_PB_11,PB
BRACS_752_DCIS_19,DCIS
BRACS_1238_ADH_39,ADH
BRACS_311_DCIS_19,DCIS
BRACS_281_PB_15,PB
BRACS_1787_PB_2,PB
BRACS_1247_DCIS_49,DCIS
BRACS_1487_UDH_1,UDH
BRACS_734_ADH_18,ADH
BRACS_747_UDH_3,UDH
BRACS_1950_FEA_1,FEA
BRACS_1900_PB_5,PB
BRACS_1808_FEA_16,FEA
BRACS_1782_UDH_5,UDH
BRACS_281_IC_17,IC
BRACS_1320_PB_8,PB
BRACS_1876_ADH_8,ADH
BRACS_292_DCIS_24,DCIS
BRACS_758_N_2,N
BRACS_1808_ADH_97,ADH
BRACS_1272_UDH_24,UDH
BRACS_1771_FEA_2,FEA
BRACS_734_IC_15,IC
BRACS_1890_PB_10,PB
BRACS_1231_UDH_25,UDH
BRACS_1772_PB_3,PB
BRACS_1810_ADH_7,ADH
BRACS_1945_FEA_19,FEA
BRACS_1596_UDH_4,UDH
BRACS_1950_FEA_14,FEA
BRACS_734_ADH_7,ADH
BRACS_1322_PB_4,PB
BRACS_1494_PB_36,PB
BRACS_1485_N_6,N